"schema";"fingerprint_danych";"zakres_od";"zakres_do";"rodzaj";"wykluczone_typy_wlasciciela";"klucz_nieruchomosci";"ulica";"budynek";"lokal_lub_dzialka";"data";"sekwencja_w_okresie";"wynik";"surowe_wyniki";"status_dowodu_wyniku";"liczba_polaczonych_wierszy";"cena_wywolawcza_pln";"ceny_wywolawcze_w_zrodlach_pln";"cena_osiagnieta_pln";"ceny_osiagniete_w_zrodlach_pln";"powod_braku_nabywcy";"znormalizowane_powody_braku_nabywcy";"surowe_kody_powodu";"typ_wlasciciela";"raportowana_runda";"raportowane_rundy_w_zrodlach";"status_pola_runda";"zrodlo_wyniku";"glowne_zrodlo";"wszystkie_zrodla"
"1";"sha256:05edc9bcd6c12042c0d2c50f762e3dc4fbc66bee19c4fd1440be50345c63d5b5";"2024-08-01";"2026-07-31";"mieszkalny";"state_treasury";"arkonska|10|8";"Arkońska";"10";"8";"2024-10-28";"1";"bez nabywcy";"unsold";"source_stated";"1";"337700";"337700";"";"";"brak wpłaconych wadiów";"brak wpłaconych wadiów";"no_deposits";"";"1";"1";"inferred";"https://zgm-gliwice.pl/wp-content/uploads/2024/11/28.10.2024-r.-wyniki-przetargow.pdf";"https://zgm-gliwice.pl/wp-content/uploads/2024/11/28.10.2024-r.-wyniki-przetargow.pdf";"https://zgm-gliwice.pl/wp-content/uploads/2024/11/28.10.2024-r.-wyniki-przetargow.pdf"
"1";"sha256:05edc9bcd6c12042c0d2c50f762e3dc4fbc66bee19c4fd1440be50345c63d5b5";"2024-08-01";"2026-07-31";"mieszkalny";"state_treasury";"arkonska|10|8";"Arkońska";"10";"8";"2024-12-09";"2";"bez nabywcy";"unsold";"source_stated";"1";"304000";"304000";"";"";"brak wpłaconych wadiów";"brak wpłaconych wadiów";"no_deposits";"";"2";"2";"inferred";"https://zgm-gliwice.pl/wp-content/uploads/2024/12/09.12.2024-r.-wyniki-przetargow.pdf";"https://zgm-gliwice.pl/wp-content/uploads/2024/12/09.12.2024-r.-wyniki-przetargow.pdf";"https://zgm-gliwice.pl/wp-content/uploads/2024/12/09.12.2024-r.-wyniki-przetargow.pdf"
"1";"sha256:05edc9bcd6c12042c0d2c50f762e3dc4fbc66bee19c4fd1440be50345c63d5b5";"2024-08-01";"2026-07-31";"mieszkalny";"state_treasury";"arkonska|10|8";"Arkońska";"10";"8";"2025-01-27";"3";"sprzedano";"sold";"source_stated";"1";"270200";"270200";"297300";"297300";"";"";"";"";"3";"3";"explicit";"https://zgm-gliwice.pl/wp-content/uploads/2025/01/27.01.2025-r.-wyniki.pdf";"https://zgm-gliwice.pl/wp-content/uploads/2025/01/27.01.2025-r.-wyniki.pdf";"https://zgm-gliwice.pl/wp-content/uploads/2025/01/27.01.2025-r.-wyniki.pdf"
"1";"sha256:05edc9bcd6c12042c0d2c50f762e3dc4fbc66bee19c4fd1440be50345c63d5b5";"2024-08-01";"2026-07-31";"mieszkalny";"state_treasury";"arkonskiej|10|3";"Arkońska";"10";"3";"2024-09-02";"1";"sprzedano";"sold";"source_stated";"1";"376100";"376100";"379870";"379870";"";"";"";"";"1";"1";"explicit";"https://zgm-gliwice.pl/wp-content/uploads/2024/09/02.09.2024-r.-wyniki-przetargow.pdf";"https://zgm-gliwice.pl/wp-content/uploads/2024/09/02.09.2024-r.-wyniki-przetargow.pdf";"https://zgm-gliwice.pl/wp-content/uploads/2024/09/02.09.2024-r.-wyniki-przetargow.pdf"
"1";"sha256:05edc9bcd6c12042c0d2c50f762e3dc4fbc66bee19c4fd1440be50345c63d5b5";"2024-08-01";"2026-07-31";"mieszkalny";"state_treasury";"asnyka|12|6";"Asnyka";"12";"6";"2025-11-17";"1";"bez nabywcy";"unsold";"source_stated";"1";"297800";"297800";"";"";"brak wpłaconych wadiów";"brak wpłaconych wadiów";"no_deposits";"";"1";"1";"inferred";"https://zgm-gliwice.pl/wp-content/uploads/2025/11/17.11.2025-r.-wyniki-przetargow.pdf";"https://zgm-gliwice.pl/wp-content/uploads/2025/11/17.11.2025-r.-wyniki-przetargow.pdf";"https://zgm-gliwice.pl/wp-content/uploads/2025/11/17.11.2025-r.-wyniki-przetargow.pdf"
"1";"sha256:05edc9bcd6c12042c0d2c50f762e3dc4fbc66bee19c4fd1440be50345c63d5b5";"2024-08-01";"2026-07-31";"mieszkalny";"state_treasury";"asnyka|12|6";"Asnyka";"12";"6";"2026-01-12";"2";"sprzedano";"sold";"source_stated";"1";"268020";"268020";"291140";"291140";"";"";"";"";"2";"2";"explicit";"https://zgm-gliwice.pl/wp-content/uploads/2026/01/12.01.2026-wyniki.pdf";"https://zgm-gliwice.pl/wp-content/uploads/2026/01/12.01.2026-wyniki.pdf";"https://zgm-gliwice.pl/wp-content/uploads/2026/01/12.01.2026-wyniki.pdf"
"1";"sha256:05edc9bcd6c12042c0d2c50f762e3dc4fbc66bee19c4fd1440be50345c63d5b5";"2024-08-01";"2026-07-31";"mieszkalny";"state_treasury";"bekasa|11|33";"Bekasa";"11";"33";"2025-11-17";"1";"sprzedano";"sold";"source_stated";"1";"317000";"317000";"320170";"320170";"";"";"";"";"1";"1";"explicit";"https://zgm-gliwice.pl/wp-content/uploads/2025/11/17.11.2025-r.-wyniki-przetargow.pdf";"https://zgm-gliwice.pl/wp-content/uploads/2025/11/17.11.2025-r.-wyniki-przetargow.pdf";"https://zgm-gliwice.pl/wp-content/uploads/2025/11/17.11.2025-r.-wyniki-przetargow.pdf"
"1";"sha256:05edc9bcd6c12042c0d2c50f762e3dc4fbc66bee19c4fd1440be50345c63d5b5";"2024-08-01";"2026-07-31";"mieszkalny";"state_treasury";"bialej bramy|5|14";"Białej Bramy";"5";"14";"2025-06-16";"1";"bez nabywcy";"unsold";"source_stated";"1";"301600";"301600";"";"";"brak wpłaconych wadiów";"brak wpłaconych wadiów";"no_deposits";"";"1";"1";"inferred";"https://zgm-gliwice.pl/wp-content/uploads/2025/06/16.06.2025-wyniki-przetargow.pdf";"https://zgm-gliwice.pl/wp-content/uploads/2025/06/16.06.2025-wyniki-przetargow.pdf";"https://zgm-gliwice.pl/wp-content/uploads/2025/06/16.06.2025-wyniki-przetargow.pdf"
"1";"sha256:05edc9bcd6c12042c0d2c50f762e3dc4fbc66bee19c4fd1440be50345c63d5b5";"2024-08-01";"2026-07-31";"mieszkalny";"state_treasury";"bialej bramy|5|14";"Białej Bramy";"5";"14";"2025-08-04";"2";"sprzedano";"sold";"source_stated";"1";"301600";"301600";"304620";"304620";"";"";"";"";"4";"4";"explicit";"https://zgm-gliwice.pl/wp-content/uploads/2025/08/04.08.2025-r.-wyniki-przetargow.pdf";"https://zgm-gliwice.pl/wp-content/uploads/2025/08/04.08.2025-r.-wyniki-przetargow.pdf";"https://zgm-gliwice.pl/wp-content/uploads/2025/08/04.08.2025-r.-wyniki-przetargow.pdf"
"1";"sha256:05edc9bcd6c12042c0d2c50f762e3dc4fbc66bee19c4fd1440be50345c63d5b5";"2024-08-01";"2026-07-31";"mieszkalny";"state_treasury";"blogoslawionego czeslawa|3|8";"Błogosławionego Czesława";"3";"8";"2026-01-26";"1";"sprzedano";"sold";"source_stated";"1";"265700";"265700";"268360";"268360";"";"";"";"";"1";"1";"explicit";"https://zgm-gliwice.pl/wp-content/uploads/2026/02/26.01.2026-r.-wyniki-przetargow.pdf";"https://zgm-gliwice.pl/wp-content/uploads/2026/02/26.01.2026-r.-wyniki-przetargow.pdf";"https://zgm-gliwice.pl/wp-content/uploads/2026/02/26.01.2026-r.-wyniki-przetargow.pdf"
"1";"sha256:05edc9bcd6c12042c0d2c50f762e3dc4fbc66bee19c4fd1440be50345c63d5b5";"2024-08-01";"2026-07-31";"mieszkalny";"state_treasury";"blogoslawionego czeslawa|82|8";"Błogosławionego Czesława";"82";"8";"2024-08-26";"1";"sprzedano";"sold";"source_stated";"1";"161500";"161500";"194440";"194440";"";"";"";"";"3";"3";"explicit";"https://zgm-gliwice.pl/wp-content/uploads/2024/09/26.08.24-wyniki-przetargow.pdf";"https://zgm-gliwice.pl/wp-content/uploads/2024/09/26.08.24-wyniki-przetargow.pdf";"https://zgm-gliwice.pl/wp-content/uploads/2024/09/26.08.24-wyniki-przetargow.pdf"
"1";"sha256:05edc9bcd6c12042c0d2c50f762e3dc4fbc66bee19c4fd1440be50345c63d5b5";"2024-08-01";"2026-07-31";"mieszkalny";"state_treasury";"brzozowa|47|10";"Brzozowa";"47";"10";"2025-02-17";"1";"bez nabywcy";"unsold";"source_stated";"1";"221700";"221700";"";"";"brak wpłaconych wadiów";"brak wpłaconych wadiów";"no_deposits";"";"1";"1";"inferred";"https://zgm-gliwice.pl/wp-content/uploads/2025/02/17.02.2025-r.-wyniki-przetargow.pdf";"https://zgm-gliwice.pl/wp-content/uploads/2025/02/17.02.2025-r.-wyniki-przetargow.pdf";"https://zgm-gliwice.pl/wp-content/uploads/2025/02/17.02.2025-r.-wyniki-przetargow.pdf"
"1";"sha256:05edc9bcd6c12042c0d2c50f762e3dc4fbc66bee19c4fd1440be50345c63d5b5";"2024-08-01";"2026-07-31";"mieszkalny";"state_treasury";"brzozowa|47|10";"Brzozowa";"47";"10";"2025-03-31";"2";"bez nabywcy";"unsold";"source_stated";"1";"199600";"199600";"";"";"oferent/oferenci nie stawili się";"oferent/oferenci nie stawili się";"bidder_noshow";"";"2";"2";"inferred";"https://zgm-gliwice.pl/wp-content/uploads/2025/04/31.03.2025-r.-wyniki-przetargow.pdf";"https://zgm-gliwice.pl/wp-content/uploads/2025/04/31.03.2025-r.-wyniki-przetargow.pdf";"https://zgm-gliwice.pl/wp-content/uploads/2025/04/31.03.2025-r.-wyniki-przetargow.pdf"
"1";"sha256:05edc9bcd6c12042c0d2c50f762e3dc4fbc66bee19c4fd1440be50345c63d5b5";"2024-08-01";"2026-07-31";"mieszkalny";"state_treasury";"brzozowa|47|10";"Brzozowa";"47";"10";"2025-05-12";"3";"bez nabywcy";"unsold";"source_stated";"1";"199600";"199600";"";"";"brak wpłaconych wadiów";"brak wpłaconych wadiów";"no_deposits";"";"3";"3";"inferred";"https://zgm-gliwice.pl/wp-content/uploads/2025/05/12.05.2025-r.-wyniki-przetargow.pdf";"https://zgm-gliwice.pl/wp-content/uploads/2025/05/12.05.2025-r.-wyniki-przetargow.pdf";"https://zgm-gliwice.pl/wp-content/uploads/2025/05/12.05.2025-r.-wyniki-przetargow.pdf"
"1";"sha256:05edc9bcd6c12042c0d2c50f762e3dc4fbc66bee19c4fd1440be50345c63d5b5";"2024-08-01";"2026-07-31";"mieszkalny";"state_treasury";"brzozowa|47|10";"Brzozowa";"47";"10";"2025-09-29";"4";"sprzedano";"sold";"source_stated";"1";"177400";"177400";"185000";"185000";"";"";"";"";"4";"4";"explicit";"https://zgm-gliwice.pl/wp-content/uploads/2025/10/29.09.2025-r.-wyniki-przetargow.pdf";"https://zgm-gliwice.pl/wp-content/uploads/2025/10/29.09.2025-r.-wyniki-przetargow.pdf";"https://zgm-gliwice.pl/wp-content/uploads/2025/10/29.09.2025-r.-wyniki-przetargow.pdf"
"1";"sha256:05edc9bcd6c12042c0d2c50f762e3dc4fbc66bee19c4fd1440be50345c63d5b5";"2024-08-01";"2026-07-31";"mieszkalny";"state_treasury";"cyraneczki|6|19";"Cyraneczki";"6";"19";"2026-01-12";"1";"bez nabywcy";"unsold";"source_stated";"1";"240900";"240900";"";"";"brak wpłaconych wadiów";"brak wpłaconych wadiów";"no_deposits";"";"1";"1";"inferred";"https://zgm-gliwice.pl/wp-content/uploads/2026/01/12.01.2026-wyniki.pdf";"https://zgm-gliwice.pl/wp-content/uploads/2026/01/12.01.2026-wyniki.pdf";"https://zgm-gliwice.pl/wp-content/uploads/2026/01/12.01.2026-wyniki.pdf"
"1";"sha256:05edc9bcd6c12042c0d2c50f762e3dc4fbc66bee19c4fd1440be50345c63d5b5";"2024-08-01";"2026-07-31";"mieszkalny";"state_treasury";"cyraneczki|6|19";"Cyraneczki";"6";"19";"2026-02-23";"2";"bez nabywcy";"unsold";"source_stated";"1";"216810";"216810";"";"";"brak wpłaconych wadiów";"brak wpłaconych wadiów";"no_deposits";"";"2";"2";"inferred";"https://zgm-gliwice.pl/wp-content/uploads/2026/03/23.02.2026-r.-wyniki-przetargow.pdf";"https://zgm-gliwice.pl/wp-content/uploads/2026/03/23.02.2026-r.-wyniki-przetargow.pdf";"https://zgm-gliwice.pl/wp-content/uploads/2026/03/23.02.2026-r.-wyniki-przetargow.pdf"
"1";"sha256:05edc9bcd6c12042c0d2c50f762e3dc4fbc66bee19c4fd1440be50345c63d5b5";"2024-08-01";"2026-07-31";"mieszkalny";"state_treasury";"cyraneczki|6|19";"Cyraneczki";"6";"19";"2026-04-20";"3";"sprzedano";"sold";"source_stated";"1";"192720";"192720";"212020";"212020";"";"";"";"";"3";"3";"explicit";"https://zgm-gliwice.pl/wp-content/uploads/2026/04/20.04.2026-r.-wyniki-przetargow.pdf";"https://zgm-gliwice.pl/wp-content/uploads/2026/04/20.04.2026-r.-wyniki-przetargow.pdf";"https://zgm-gliwice.pl/wp-content/uploads/2026/04/20.04.2026-r.-wyniki-przetargow.pdf"
"1";"sha256:05edc9bcd6c12042c0d2c50f762e3dc4fbc66bee19c4fd1440be50345c63d5b5";"2024-08-01";"2026-07-31";"mieszkalny";"state_treasury";"czajki|22|18";"Czajki";"22";"18";"2025-10-13";"1";"bez nabywcy";"unsold";"source_stated";"1";"250900";"250900";"";"";"brak wpłaconych wadiów";"brak wpłaconych wadiów";"no_deposits";"";"1";"1";"inferred";"https://zgm-gliwice.pl/wp-content/uploads/2025/10/13.10.2025-r.-wyniki-przetargow.pdf";"https://zgm-gliwice.pl/wp-content/uploads/2025/10/13.10.2025-r.-wyniki-przetargow.pdf";"https://zgm-gliwice.pl/wp-content/uploads/2025/10/13.10.2025-r.-wyniki-przetargow.pdf"
"1";"sha256:05edc9bcd6c12042c0d2c50f762e3dc4fbc66bee19c4fd1440be50345c63d5b5";"2024-08-01";"2026-07-31";"mieszkalny";"state_treasury";"czajki|22|18";"Czajki";"22";"18";"2025-12-01";"2";"bez nabywcy";"unsold";"source_stated";"1";"225810";"225810";"";"";"brak wpłaconych wadiów";"brak wpłaconych wadiów";"no_deposits";"";"2";"2";"inferred";"https://zgm-gliwice.pl/wp-content/uploads/2025/12/01.12.2025-r.-wyniki-przetargow.pdf";"https://zgm-gliwice.pl/wp-content/uploads/2025/12/01.12.2025-r.-wyniki-przetargow.pdf";"https://zgm-gliwice.pl/wp-content/uploads/2025/12/01.12.2025-r.-wyniki-przetargow.pdf"
"1";"sha256:05edc9bcd6c12042c0d2c50f762e3dc4fbc66bee19c4fd1440be50345c63d5b5";"2024-08-01";"2026-07-31";"mieszkalny";"state_treasury";"czajki|26|16";"Czajki";"26";"16";"2025-09-22";"1";"bez nabywcy";"unsold";"source_stated";"1";"309500";"309500";"";"";"brak wpłaconych wadiów";"brak wpłaconych wadiów";"no_deposits";"";"1";"1";"inferred";"https://zgm-gliwice.pl/wp-content/uploads/2025/09/22.092025-r.-wyniki-przetargow.pdf";"https://zgm-gliwice.pl/wp-content/uploads/2025/09/22.092025-r.-wyniki-przetargow.pdf";"https://zgm-gliwice.pl/wp-content/uploads/2025/09/22.092025-r.-wyniki-przetargow.pdf"
"1";"sha256:05edc9bcd6c12042c0d2c50f762e3dc4fbc66bee19c4fd1440be50345c63d5b5";"2024-08-01";"2026-07-31";"mieszkalny";"state_treasury";"czajki|26|16";"Czajki";"26";"16";"2025-12-15";"2";"sprzedano";"sold";"source_stated";"1";"247600";"247600";"252560";"252560";"";"";"";"";"3";"3";"explicit";"https://zgm-gliwice.pl/wp-content/uploads/2025/12/15.12.2025-r.-wyniki-przetargow.pdf";"https://zgm-gliwice.pl/wp-content/uploads/2025/12/15.12.2025-r.-wyniki-przetargow.pdf";"https://zgm-gliwice.pl/wp-content/uploads/2025/12/15.12.2025-r.-wyniki-przetargow.pdf"
"1";"sha256:05edc9bcd6c12042c0d2c50f762e3dc4fbc66bee19c4fd1440be50345c63d5b5";"2024-08-01";"2026-07-31";"mieszkalny";"state_treasury";"czajki|28|18";"Czajki";"28";"18";"2025-01-20";"1";"bez nabywcy";"unsold";"source_stated";"1";"225500";"225500";"";"";"wycofanie lub rezygnacja oferenta";"wycofanie lub rezygnacja oferenta";"bidder_withdrew";"";"1";"1";"inferred";"https://zgm-gliwice.pl/wp-content/uploads/2025/01/20.01.2025-r.-wyniki.pdf";"https://zgm-gliwice.pl/wp-content/uploads/2025/01/20.01.2025-r.-wyniki.pdf";"https://zgm-gliwice.pl/wp-content/uploads/2025/01/20.01.2025-r.-wyniki.pdf"
"1";"sha256:05edc9bcd6c12042c0d2c50f762e3dc4fbc66bee19c4fd1440be50345c63d5b5";"2024-08-01";"2026-07-31";"mieszkalny";"state_treasury";"czajki|28|18";"Czajki";"28";"18";"2025-03-03";"2";"sprzedano";"sold";"source_stated";"1";"200300";"200300";"208340";"208340";"";"";"";"";"2";"2";"explicit";"https://zgm-gliwice.pl/wp-content/uploads/2025/03/03.03.2025-r.-wyniki-przetargow.pdf";"https://zgm-gliwice.pl/wp-content/uploads/2025/03/03.03.2025-r.-wyniki-przetargow.pdf";"https://zgm-gliwice.pl/wp-content/uploads/2025/03/03.03.2025-r.-wyniki-przetargow.pdf"
"1";"sha256:05edc9bcd6c12042c0d2c50f762e3dc4fbc66bee19c4fd1440be50345c63d5b5";"2024-08-01";"2026-07-31";"mieszkalny";"state_treasury";"czarnieckiego|25|1";"Czarnieckiego";"25";"1";"2026-03-23";"1";"bez nabywcy";"unsold";"source_stated";"1";"484200";"484200";"";"";"brak wpłaconych wadiów";"brak wpłaconych wadiów";"no_deposits";"";"1";"1";"inferred";"https://zgm-gliwice.pl/wp-content/uploads/2026/04/23.03.2026-r.-wyniki-przetargow.pdf";"https://zgm-gliwice.pl/wp-content/uploads/2026/04/23.03.2026-r.-wyniki-przetargow.pdf";"https://zgm-gliwice.pl/wp-content/uploads/2026/04/23.03.2026-r.-wyniki-przetargow.pdf"
"1";"sha256:05edc9bcd6c12042c0d2c50f762e3dc4fbc66bee19c4fd1440be50345c63d5b5";"2024-08-01";"2026-07-31";"mieszkalny";"state_treasury";"czarnieckiego|25|1";"Czarnieckiego";"25";"1";"2026-06-22";"2";"sprzedano";"sold";"source_stated";"1";"435780";"435780";"440140";"440140";"";"";"";"";"2";"2";"explicit";"https://zgm-gliwice.pl/wp-content/uploads/2026/06/22.06.2026-wyniki-przetargow.pdf";"https://zgm-gliwice.pl/wp-content/uploads/2026/06/22.06.2026-wyniki-przetargow.pdf";"https://zgm-gliwice.pl/wp-content/uploads/2026/06/22.06.2026-wyniki-przetargow.pdf"
"1";"sha256:05edc9bcd6c12042c0d2c50f762e3dc4fbc66bee19c4fd1440be50345c63d5b5";"2024-08-01";"2026-07-31";"mieszkalny";"state_treasury";"dabrowskiego|9|6";"Dąbrowskiego";"9";"6";"2024-09-23";"1";"sprzedano";"sold";"source_stated";"1";"245300";"245300";"247760";"247760";"";"";"";"";"1";"1";"explicit";"https://zgm-gliwice.pl/wp-content/uploads/2024/09/23.09.2024-r.-wyniki-przetargow.pdf";"https://zgm-gliwice.pl/wp-content/uploads/2024/09/23.09.2024-r.-wyniki-przetargow.pdf";"https://zgm-gliwice.pl/wp-content/uploads/2024/09/23.09.2024-r.-wyniki-przetargow.pdf"
"1";"sha256:05edc9bcd6c12042c0d2c50f762e3dc4fbc66bee19c4fd1440be50345c63d5b5";"2024-08-01";"2026-07-31";"mieszkalny";"state_treasury";"daszynskiego|65|10";"Daszyńskiego";"65";"10";"2026-03-30";"1";"bez nabywcy";"unsold";"source_stated";"1";"267600";"267600";"";"";"brak wpłaconych wadiów";"brak wpłaconych wadiów";"no_deposits";"";"1";"1";"inferred";"https://zgm-gliwice.pl/wp-content/uploads/2026/04/30.03.2026-r.-wyniki-przetargow.pdf";"https://zgm-gliwice.pl/wp-content/uploads/2026/04/30.03.2026-r.-wyniki-przetargow.pdf";"https://zgm-gliwice.pl/wp-content/uploads/2026/04/30.03.2026-r.-wyniki-przetargow.pdf"
"1";"sha256:05edc9bcd6c12042c0d2c50f762e3dc4fbc66bee19c4fd1440be50345c63d5b5";"2024-08-01";"2026-07-31";"mieszkalny";"state_treasury";"daszynskiego|65|10";"Daszyńskiego";"65";"10";"2026-05-11";"2";"bez nabywcy";"unsold";"source_stated";"1";"240840";"240840";"";"";"brak wpłaconych wadiów";"brak wpłaconych wadiów";"no_deposits";"";"2";"2";"inferred";"https://zgm-gliwice.pl/wp-content/uploads/2026/05/11.05.2026-r.-wyniki-przetargow.pdf";"https://zgm-gliwice.pl/wp-content/uploads/2026/05/11.05.2026-r.-wyniki-przetargow.pdf";"https://zgm-gliwice.pl/wp-content/uploads/2026/05/11.05.2026-r.-wyniki-przetargow.pdf"
"1";"sha256:05edc9bcd6c12042c0d2c50f762e3dc4fbc66bee19c4fd1440be50345c63d5b5";"2024-08-01";"2026-07-31";"mieszkalny";"state_treasury";"daszynskiego|65|10";"Daszyńskiego";"65";"10";"2026-07-06";"3";"bez nabywcy";"unsold";"source_stated";"1";"214080";"214080";"";"";"oferent/oferenci nie stawili się";"oferent/oferenci nie stawili się";"bidder_noshow";"";"3";"3";"inferred";"https://zgm-gliwice.pl/wp-content/uploads/2026/07/06.07.2026-r.-wyniki-przetargow.pdf";"https://zgm-gliwice.pl/wp-content/uploads/2026/07/06.07.2026-r.-wyniki-przetargow.pdf";"https://zgm-gliwice.pl/wp-content/uploads/2026/07/06.07.2026-r.-wyniki-przetargow.pdf"
"1";"sha256:05edc9bcd6c12042c0d2c50f762e3dc4fbc66bee19c4fd1440be50345c63d5b5";"2024-08-01";"2026-07-31";"mieszkalny";"state_treasury";"dolnych walow|21A|2";"Dolnych Wałów";"21A";"2";"2025-12-08";"1";"bez nabywcy";"unsold";"source_stated";"1";"412400";"412400";"";"";"brak wpłaconych wadiów";"brak wpłaconych wadiów";"no_deposits";"";"1";"1";"inferred";"https://zgm-gliwice.pl/wp-content/uploads/2025/12/08.12.2025-r.-wyniki-przetargow.pdf";"https://zgm-gliwice.pl/wp-content/uploads/2025/12/08.12.2025-r.-wyniki-przetargow.pdf";"https://zgm-gliwice.pl/wp-content/uploads/2025/12/08.12.2025-r.-wyniki-przetargow.pdf"
"1";"sha256:05edc9bcd6c12042c0d2c50f762e3dc4fbc66bee19c4fd1440be50345c63d5b5";"2024-08-01";"2026-07-31";"mieszkalny";"state_treasury";"dolnych walow|21A|2";"Dolnych Wałów";"21A";"2";"2026-01-26";"2";"bez nabywcy";"unsold";"source_stated";"1";"371160";"371160";"";"";"brak wpłaconych wadiów";"brak wpłaconych wadiów";"no_deposits";"";"2";"2";"inferred";"https://zgm-gliwice.pl/wp-content/uploads/2026/02/26.01.2026-r.-wyniki-przetargow.pdf";"https://zgm-gliwice.pl/wp-content/uploads/2026/02/26.01.2026-r.-wyniki-przetargow.pdf";"https://zgm-gliwice.pl/wp-content/uploads/2026/02/26.01.2026-r.-wyniki-przetargow.pdf"
"1";"sha256:05edc9bcd6c12042c0d2c50f762e3dc4fbc66bee19c4fd1440be50345c63d5b5";"2024-08-01";"2026-07-31";"mieszkalny";"state_treasury";"dolnych walow|21A|2";"Dolnych Wałów";"21A";"2";"2026-03-09";"3";"bez nabywcy";"unsold";"source_stated";"1";"329920";"329920";"";"";"oferent/oferenci nie stawili się";"oferent/oferenci nie stawili się";"bidder_noshow";"";"3";"3";"inferred";"https://zgm-gliwice.pl/wp-content/uploads/2026/03/09.03.2026-r.-wyniki-przetargow.pdf";"https://zgm-gliwice.pl/wp-content/uploads/2026/03/09.03.2026-r.-wyniki-przetargow.pdf";"https://zgm-gliwice.pl/wp-content/uploads/2026/03/09.03.2026-r.-wyniki-przetargow.pdf"
"1";"sha256:05edc9bcd6c12042c0d2c50f762e3dc4fbc66bee19c4fd1440be50345c63d5b5";"2024-08-01";"2026-07-31";"mieszkalny";"state_treasury";"dolnych walow|21A|2";"Dolnych Wałów";"21A";"2";"2026-05-11";"4";"sprzedano";"sold";"source_stated";"1";"288680";"288680";"291570";"291570";"";"";"";"";"4";"4";"explicit";"https://zgm-gliwice.pl/wp-content/uploads/2026/05/11.05.2026-r.-wyniki-przetargow.pdf";"https://zgm-gliwice.pl/wp-content/uploads/2026/05/11.05.2026-r.-wyniki-przetargow.pdf";"https://zgm-gliwice.pl/wp-content/uploads/2026/05/11.05.2026-r.-wyniki-przetargow.pdf"
"1";"sha256:05edc9bcd6c12042c0d2c50f762e3dc4fbc66bee19c4fd1440be50345c63d5b5";"2024-08-01";"2026-07-31";"mieszkalny";"state_treasury";"dunikowskiego|1|25";"Dunikowskiego";"1";"25";"2025-09-22";"1";"sprzedano";"sold";"source_stated";"1";"145200";"145200";"212960";"212960";"";"";"";"";"1";"1";"explicit";"https://zgm-gliwice.pl/wp-content/uploads/2025/09/22.092025-r.-wyniki-przetargow.pdf";"https://zgm-gliwice.pl/wp-content/uploads/2025/09/22.092025-r.-wyniki-przetargow.pdf";"https://zgm-gliwice.pl/wp-content/uploads/2025/09/22.092025-r.-wyniki-przetargow.pdf"
"1";"sha256:05edc9bcd6c12042c0d2c50f762e3dc4fbc66bee19c4fd1440be50345c63d5b5";"2024-08-01";"2026-07-31";"mieszkalny";"state_treasury";"dunikowskiego|7|16";"Dunikowskiego";"7";"16";"2025-02-17";"1";"sprzedano";"sold";"source_stated";"1";"148200";"148200";"222450";"222450";"";"";"";"";"1";"1";"explicit";"https://zgm-gliwice.pl/wp-content/uploads/2025/02/17.02.2025-r.-wyniki-przetargow.pdf";"https://zgm-gliwice.pl/wp-content/uploads/2025/02/17.02.2025-r.-wyniki-przetargow.pdf";"https://zgm-gliwice.pl/wp-content/uploads/2025/02/17.02.2025-r.-wyniki-przetargow.pdf"
"1";"sha256:05edc9bcd6c12042c0d2c50f762e3dc4fbc66bee19c4fd1440be50345c63d5b5";"2024-08-01";"2026-07-31";"mieszkalny";"state_treasury";"gozdzikowej|8|2";"Goździkowa";"8";"2";"2024-09-23";"1";"sprzedano";"sold";"source_stated";"1";"235000";"235000";"237350";"237350";"";"";"";"";"1";"1";"explicit";"https://zgm-gliwice.pl/wp-content/uploads/2024/09/23.09.2024-r.-wyniki-przetargow.pdf";"https://zgm-gliwice.pl/wp-content/uploads/2024/09/23.09.2024-r.-wyniki-przetargow.pdf";"https://zgm-gliwice.pl/wp-content/uploads/2024/09/23.09.2024-r.-wyniki-przetargow.pdf"
"1";"sha256:05edc9bcd6c12042c0d2c50f762e3dc4fbc66bee19c4fd1440be50345c63d5b5";"2024-08-01";"2026-07-31";"mieszkalny";"state_treasury";"grottgera|31|3";"Grottgera";"31";"3";"2025-03-31";"1";"bez nabywcy";"unsold";"source_stated";"1";"294100";"294100";"";"";"brak wpłaconych wadiów";"brak wpłaconych wadiów";"no_deposits";"";"1";"1";"inferred";"https://zgm-gliwice.pl/wp-content/uploads/2025/04/31.03.2025-r.-wyniki-przetargow.pdf";"https://zgm-gliwice.pl/wp-content/uploads/2025/04/31.03.2025-r.-wyniki-przetargow.pdf";"https://zgm-gliwice.pl/wp-content/uploads/2025/04/31.03.2025-r.-wyniki-przetargow.pdf"
"1";"sha256:05edc9bcd6c12042c0d2c50f762e3dc4fbc66bee19c4fd1440be50345c63d5b5";"2024-08-01";"2026-07-31";"mieszkalny";"state_treasury";"grottgera|31|3";"Grottgera";"31";"3";"2025-05-12";"2";"bez nabywcy";"unsold";"source_stated";"1";"261400";"261400";"";"";"brak wpłaconych wadiów";"brak wpłaconych wadiów";"no_deposits";"";"2";"2";"inferred";"https://zgm-gliwice.pl/wp-content/uploads/2025/05/12.05.2025-r.-wyniki-przetargow.pdf";"https://zgm-gliwice.pl/wp-content/uploads/2025/05/12.05.2025-r.-wyniki-przetargow.pdf";"https://zgm-gliwice.pl/wp-content/uploads/2025/05/12.05.2025-r.-wyniki-przetargow.pdf"
"1";"sha256:05edc9bcd6c12042c0d2c50f762e3dc4fbc66bee19c4fd1440be50345c63d5b5";"2024-08-01";"2026-07-31";"mieszkalny";"state_treasury";"grottgera|31|3";"Grottgera";"31";"3";"2025-09-29";"3";"bez nabywcy";"unsold";"source_stated";"1";"228700";"228700";"";"";"brak wpłaconych wadiów";"brak wpłaconych wadiów";"no_deposits";"";"3";"3";"inferred";"https://zgm-gliwice.pl/wp-content/uploads/2025/10/29.09.2025-r.-wyniki-przetargow.pdf";"https://zgm-gliwice.pl/wp-content/uploads/2025/10/29.09.2025-r.-wyniki-przetargow.pdf";"https://zgm-gliwice.pl/wp-content/uploads/2025/10/29.09.2025-r.-wyniki-przetargow.pdf"
"1";"sha256:05edc9bcd6c12042c0d2c50f762e3dc4fbc66bee19c4fd1440be50345c63d5b5";"2024-08-01";"2026-07-31";"mieszkalny";"state_treasury";"grottgera|40|10";"Grottgera";"40";"10";"2024-09-23";"1";"sprzedano";"sold";"source_stated";"1";"173700";"173700";"175440";"175440";"";"";"";"";"1";"1";"explicit";"https://zgm-gliwice.pl/wp-content/uploads/2024/09/23.09.2024-r.-wyniki-przetargow.pdf";"https://zgm-gliwice.pl/wp-content/uploads/2024/09/23.09.2024-r.-wyniki-przetargow.pdf";"https://zgm-gliwice.pl/wp-content/uploads/2024/09/23.09.2024-r.-wyniki-przetargow.pdf"
"1";"sha256:05edc9bcd6c12042c0d2c50f762e3dc4fbc66bee19c4fd1440be50345c63d5b5";"2024-08-01";"2026-07-31";"mieszkalny";"state_treasury";"harcerska|13|3";"Harcerska";"13";"3";"2026-01-26";"1";"bez nabywcy";"unsold";"source_stated";"1";"281800";"281800";"";"";"brak wpłaconych wadiów";"brak wpłaconych wadiów";"no_deposits";"";"1";"1";"inferred";"https://zgm-gliwice.pl/wp-content/uploads/2026/02/26.01.2026-r.-wyniki-przetargow.pdf";"https://zgm-gliwice.pl/wp-content/uploads/2026/02/26.01.2026-r.-wyniki-przetargow.pdf";"https://zgm-gliwice.pl/wp-content/uploads/2026/02/26.01.2026-r.-wyniki-przetargow.pdf"
"1";"sha256:05edc9bcd6c12042c0d2c50f762e3dc4fbc66bee19c4fd1440be50345c63d5b5";"2024-08-01";"2026-07-31";"mieszkalny";"state_treasury";"harcerska|13|3";"Harcerska";"13";"3";"2026-03-09";"2";"bez nabywcy";"unsold";"source_stated";"1";"253620";"253620";"";"";"oferent/oferenci nie stawili się";"oferent/oferenci nie stawili się";"bidder_noshow";"";"2";"2";"inferred";"https://zgm-gliwice.pl/wp-content/uploads/2026/03/09.03.2026-r.-wyniki-przetargow.pdf";"https://zgm-gliwice.pl/wp-content/uploads/2026/03/09.03.2026-r.-wyniki-przetargow.pdf";"https://zgm-gliwice.pl/wp-content/uploads/2026/03/09.03.2026-r.-wyniki-przetargow.pdf"
"1";"sha256:05edc9bcd6c12042c0d2c50f762e3dc4fbc66bee19c4fd1440be50345c63d5b5";"2024-08-01";"2026-07-31";"mieszkalny";"state_treasury";"harcerska|13|3";"Harcerska";"13";"3";"2026-04-27";"3";"sprzedano";"sold";"source_stated";"1";"253620";"253620";"256160";"256160";"";"";"";"";"3";"3";"explicit";"https://zgm-gliwice.pl/wp-content/uploads/2026/05/27.04.2026-r.-wyniki-przetargow.pdf";"https://zgm-gliwice.pl/wp-content/uploads/2026/05/27.04.2026-r.-wyniki-przetargow.pdf";"https://zgm-gliwice.pl/wp-content/uploads/2026/05/27.04.2026-r.-wyniki-przetargow.pdf"
"1";"sha256:05edc9bcd6c12042c0d2c50f762e3dc4fbc66bee19c4fd1440be50345c63d5b5";"2024-08-01";"2026-07-31";"mieszkalny";"state_treasury";"jagiellonskiej|1|24";"Jagiellońskiej";"1";"24";"2026-02-16";"1";"sprzedano";"sold";"source_stated";"1";"203900";"203900";"212060";"212060";"";"";"";"";"1";"1";"explicit";"https://zgm-gliwice.pl/wp-content/uploads/2026/02/16.02.2026-r.-wyniki-przetargow.pdf";"https://zgm-gliwice.pl/wp-content/uploads/2026/02/16.02.2026-r.-wyniki-przetargow.pdf";"https://zgm-gliwice.pl/wp-content/uploads/2026/02/16.02.2026-r.-wyniki-przetargow.pdf"
"1";"sha256:05edc9bcd6c12042c0d2c50f762e3dc4fbc66bee19c4fd1440be50345c63d5b5";"2024-08-01";"2026-07-31";"mieszkalny";"state_treasury";"jana sliwki|26|1";"Jana Sliwki";"26";"1";"2025-01-20";"1";"bez nabywcy";"unsold";"source_stated";"1";"145100";"145100";"";"";"wycofanie lub rezygnacja oferenta";"wycofanie lub rezygnacja oferenta";"bidder_withdrew";"";"1";"1";"inferred";"https://zgm-gliwice.pl/wp-content/uploads/2025/01/20.01.2025-r.-wyniki.pdf";"https://zgm-gliwice.pl/wp-content/uploads/2025/01/20.01.2025-r.-wyniki.pdf";"https://zgm-gliwice.pl/wp-content/uploads/2025/01/20.01.2025-r.-wyniki.pdf"
"1";"sha256:05edc9bcd6c12042c0d2c50f762e3dc4fbc66bee19c4fd1440be50345c63d5b5";"2024-08-01";"2026-07-31";"mieszkalny";"state_treasury";"jana sliwki|26|1";"Jana Sliwki";"26";"1";"2025-03-03";"2";"sprzedano";"sold";"source_stated";"1";"130600";"130600";"156800";"156800";"";"";"";"";"2";"2";"explicit";"https://zgm-gliwice.pl/wp-content/uploads/2025/03/03.03.2025-r.-wyniki-przetargow.pdf";"https://zgm-gliwice.pl/wp-content/uploads/2025/03/03.03.2025-r.-wyniki-przetargow.pdf";"https://zgm-gliwice.pl/wp-content/uploads/2025/03/03.03.2025-r.-wyniki-przetargow.pdf"
"1";"sha256:05edc9bcd6c12042c0d2c50f762e3dc4fbc66bee19c4fd1440be50345c63d5b5";"2024-08-01";"2026-07-31";"mieszkalny";"state_treasury";"jasinskiego|11|3";"Jasińskiego";"11";"3";"2025-09-22";"1";"sprzedano";"sold";"source_stated";"1";"272100";"272100";"274830";"274830";"";"";"";"";"1";"1";"explicit";"https://zgm-gliwice.pl/wp-content/uploads/2025/09/22.092025-r.-wyniki-przetargow.pdf";"https://zgm-gliwice.pl/wp-content/uploads/2025/09/22.092025-r.-wyniki-przetargow.pdf";"https://zgm-gliwice.pl/wp-content/uploads/2025/09/22.092025-r.-wyniki-przetargow.pdf"
"1";"sha256:05edc9bcd6c12042c0d2c50f762e3dc4fbc66bee19c4fd1440be50345c63d5b5";"2024-08-01";"2026-07-31";"mieszkalny";"state_treasury";"kilinskiego|26|6";"Kilińskiego";"26";"6";"2025-12-15";"1";"sprzedano";"sold";"source_stated";"1";"302490";"302490";"305520";"305520";"";"";"";"";"1";"1";"explicit";"https://zgm-gliwice.pl/wp-content/uploads/2025/12/15.12.2025-r.-wyniki-przetargow.pdf";"https://zgm-gliwice.pl/wp-content/uploads/2025/12/15.12.2025-r.-wyniki-przetargow.pdf";"https://zgm-gliwice.pl/wp-content/uploads/2025/12/15.12.2025-r.-wyniki-przetargow.pdf"
"1";"sha256:05edc9bcd6c12042c0d2c50f762e3dc4fbc66bee19c4fd1440be50345c63d5b5";"2024-08-01";"2026-07-31";"mieszkalny";"state_treasury";"kopernika|75|2";"Kopernika";"75";"2";"2024-09-02";"1";"bez nabywcy";"unsold";"source_stated";"1";"404300";"404300";"";"";"brak wpłaconych wadiów";"brak wpłaconych wadiów";"no_deposits";"";"1";"1";"inferred";"https://zgm-gliwice.pl/wp-content/uploads/2024/09/02.09.2024-r.-wyniki-przetargow.pdf";"https://zgm-gliwice.pl/wp-content/uploads/2024/09/02.09.2024-r.-wyniki-przetargow.pdf";"https://zgm-gliwice.pl/wp-content/uploads/2024/09/02.09.2024-r.-wyniki-przetargow.pdf"
"1";"sha256:05edc9bcd6c12042c0d2c50f762e3dc4fbc66bee19c4fd1440be50345c63d5b5";"2024-08-01";"2026-07-31";"mieszkalny";"state_treasury";"kopernika|75|2";"Kopernika";"75";"2";"2024-10-14";"2";"sprzedano";"sold";"source_stated";"1";"363900";"363900";"407580";"407580";"";"";"";"";"2";"2";"explicit";"https://zgm-gliwice.pl/wp-content/uploads/2024/10/14.10.2024-r.-wyniki-przetargow.pdf";"https://zgm-gliwice.pl/wp-content/uploads/2024/10/14.10.2024-r.-wyniki-przetargow.pdf";"https://zgm-gliwice.pl/wp-content/uploads/2024/10/14.10.2024-r.-wyniki-przetargow.pdf"
"1";"sha256:05edc9bcd6c12042c0d2c50f762e3dc4fbc66bee19c4fd1440be50345c63d5b5";"2024-08-01";"2026-07-31";"mieszkalny";"state_treasury";"kosow|21|7";"Kosów";"21";"7";"2025-10-13";"1";"sprzedano";"sold";"source_stated";"1";"283700";"283700";"295060";"295060";"";"";"";"";"1";"1";"explicit";"https://zgm-gliwice.pl/wp-content/uploads/2025/10/13.10.2025-r.-wyniki-przetargow.pdf";"https://zgm-gliwice.pl/wp-content/uploads/2025/10/13.10.2025-r.-wyniki-przetargow.pdf";"https://zgm-gliwice.pl/wp-content/uploads/2025/10/13.10.2025-r.-wyniki-przetargow.pdf"
"1";"sha256:05edc9bcd6c12042c0d2c50f762e3dc4fbc66bee19c4fd1440be50345c63d5b5";"2024-08-01";"2026-07-31";"mieszkalny";"state_treasury";"kosow|21|9";"Kosów";"21";"9";"2025-03-03";"1";"sprzedano";"sold";"source_stated";"1";"239800";"239800";"290000";"290000";"";"";"";"";"1";"1";"explicit";"https://zgm-gliwice.pl/wp-content/uploads/2025/03/03.03.2025-r.-wyniki-przetargow.pdf";"https://zgm-gliwice.pl/wp-content/uploads/2025/03/03.03.2025-r.-wyniki-przetargow.pdf";"https://zgm-gliwice.pl/wp-content/uploads/2025/03/03.03.2025-r.-wyniki-przetargow.pdf"
"1";"sha256:05edc9bcd6c12042c0d2c50f762e3dc4fbc66bee19c4fd1440be50345c63d5b5";"2024-08-01";"2026-07-31";"mieszkalny";"state_treasury";"kozielskiej|65|14";"Kozielska";"65";"14";"2025-01-27";"1";"sprzedano";"sold";"source_stated";"1";"175600";"175600";"254800";"254800";"";"";"";"";"1";"1";"explicit";"https://zgm-gliwice.pl/wp-content/uploads/2025/01/27.01.2025-r.-wyniki.pdf";"https://zgm-gliwice.pl/wp-content/uploads/2025/01/27.01.2025-r.-wyniki.pdf";"https://zgm-gliwice.pl/wp-content/uploads/2025/01/27.01.2025-r.-wyniki.pdf"
"1";"sha256:05edc9bcd6c12042c0d2c50f762e3dc4fbc66bee19c4fd1440be50345c63d5b5";"2024-08-01";"2026-07-31";"mieszkalny";"state_treasury";"krolewskiej tamy|53|2";"Królewskiej Tamy";"53";"2";"2026-03-09";"1";"bez nabywcy";"unsold";"source_stated";"1";"105400";"105400";"";"";"oferent/oferenci nie stawili się";"oferent/oferenci nie stawili się";"bidder_noshow";"";"1";"1";"inferred";"https://zgm-gliwice.pl/wp-content/uploads/2026/03/09.03.2026-r.-wyniki-przetargow.pdf";"https://zgm-gliwice.pl/wp-content/uploads/2026/03/09.03.2026-r.-wyniki-przetargow.pdf";"https://zgm-gliwice.pl/wp-content/uploads/2026/03/09.03.2026-r.-wyniki-przetargow.pdf"
"1";"sha256:05edc9bcd6c12042c0d2c50f762e3dc4fbc66bee19c4fd1440be50345c63d5b5";"2024-08-01";"2026-07-31";"mieszkalny";"state_treasury";"krolewskiej tamy|53|2";"Królewskiej Tamy";"53";"2";"2026-04-27";"2";"bez nabywcy";"unsold";"source_stated";"1";"105400";"105400";"";"";"oferent/oferenci nie stawili się";"oferent/oferenci nie stawili się";"bidder_noshow";"";"2";"2";"inferred";"https://zgm-gliwice.pl/wp-content/uploads/2026/05/27.04.2026-r.-wyniki-przetargow.pdf";"https://zgm-gliwice.pl/wp-content/uploads/2026/05/27.04.2026-r.-wyniki-przetargow.pdf";"https://zgm-gliwice.pl/wp-content/uploads/2026/05/27.04.2026-r.-wyniki-przetargow.pdf"
"1";"sha256:05edc9bcd6c12042c0d2c50f762e3dc4fbc66bee19c4fd1440be50345c63d5b5";"2024-08-01";"2026-07-31";"mieszkalny";"state_treasury";"krolewskiej tamy|53|2";"Królewskiej Tamy";"53";"2";"2026-06-29";"3";"brak opublikowanego wyniku";"archived";"unknown";"1";"105400";"105400";"";"";"";"";"";"";"3";"3";"inferred";"";"https://zgm-gliwice.pl/krolewskiej-tamy-5-2-09-03-2026-r/";"https://zgm-gliwice.pl/krolewskiej-tamy-5-2-09-03-2026-r/ | https://bip.gliwice.eu/sprzedaz-przetarg-29062026-ul-krolewskiej-tamy-552-ul-krolewskiej-tamy-532-ul-plebiscytowa-4-9-ul-poniatowskiego-113-lokale-mieszkalne-ul-zwyciestwa-457-lokal-uzytkowy-ul-kozielska-13-garaz-nr-1"
"1";"sha256:05edc9bcd6c12042c0d2c50f762e3dc4fbc66bee19c4fd1440be50345c63d5b5";"2024-08-01";"2026-07-31";"mieszkalny";"state_treasury";"krolewskiej tamy|55|2";"Królewskiej Tamy";"55";"2";"2026-03-09";"1";"bez nabywcy";"unsold";"source_stated";"1";"99200";"99200";"";"";"oferent/oferenci nie stawili się";"oferent/oferenci nie stawili się";"bidder_noshow";"";"1";"1";"inferred";"https://zgm-gliwice.pl/wp-content/uploads/2026/03/09.03.2026-r.-wyniki-przetargow.pdf";"https://zgm-gliwice.pl/wp-content/uploads/2026/03/09.03.2026-r.-wyniki-przetargow.pdf";"https://zgm-gliwice.pl/wp-content/uploads/2026/03/09.03.2026-r.-wyniki-przetargow.pdf"
"1";"sha256:05edc9bcd6c12042c0d2c50f762e3dc4fbc66bee19c4fd1440be50345c63d5b5";"2024-08-01";"2026-07-31";"mieszkalny";"state_treasury";"krolewskiej tamy|55|2";"Królewskiej Tamy";"55";"2";"2026-04-27";"2";"bez nabywcy";"unsold";"source_stated";"1";"99200";"99200";"";"";"wycofanie lub rezygnacja oferenta";"wycofanie lub rezygnacja oferenta";"bidder_withdrew";"";"2";"2";"inferred";"https://zgm-gliwice.pl/wp-content/uploads/2026/05/27.04.2026-r.-wyniki-przetargow.pdf";"https://zgm-gliwice.pl/wp-content/uploads/2026/05/27.04.2026-r.-wyniki-przetargow.pdf";"https://zgm-gliwice.pl/wp-content/uploads/2026/05/27.04.2026-r.-wyniki-przetargow.pdf"
"1";"sha256:05edc9bcd6c12042c0d2c50f762e3dc4fbc66bee19c4fd1440be50345c63d5b5";"2024-08-01";"2026-07-31";"mieszkalny";"state_treasury";"krolewskiej tamy|55|2";"Królewskiej Tamy";"55";"2";"2026-06-29";"3";"brak opublikowanego wyniku";"archived";"unknown";"1";"99200";"99200";"";"";"";"";"";"";"3";"3";"inferred";"";"https://zgm-gliwice.pl/krolewskiej-tamy-55-2-09-03-2026-r/";"https://zgm-gliwice.pl/krolewskiej-tamy-55-2-09-03-2026-r/ | https://bip.gliwice.eu/sprzedaz-przetarg-29062026-ul-krolewskiej-tamy-552-ul-krolewskiej-tamy-532-ul-plebiscytowa-4-9-ul-poniatowskiego-113-lokale-mieszkalne-ul-zwyciestwa-457-lokal-uzytkowy-ul-kozielska-13-garaz-nr-1"
"1";"sha256:05edc9bcd6c12042c0d2c50f762e3dc4fbc66bee19c4fd1440be50345c63d5b5";"2024-08-01";"2026-07-31";"mieszkalny";"state_treasury";"libelta|10|1";"Libelta";"10";"1";"2026-03-30";"1";"bez nabywcy";"unsold";"source_stated";"1";"334100";"334100";"";"";"brak wpłaconych wadiów";"brak wpłaconych wadiów";"no_deposits";"";"1";"1";"inferred";"https://zgm-gliwice.pl/wp-content/uploads/2026/04/30.03.2026-r.-wyniki-przetargow.pdf";"https://zgm-gliwice.pl/wp-content/uploads/2026/04/30.03.2026-r.-wyniki-przetargow.pdf";"https://zgm-gliwice.pl/wp-content/uploads/2026/04/30.03.2026-r.-wyniki-przetargow.pdf"
"1";"sha256:05edc9bcd6c12042c0d2c50f762e3dc4fbc66bee19c4fd1440be50345c63d5b5";"2024-08-01";"2026-07-31";"mieszkalny";"state_treasury";"libelta|10|1";"Libelta";"10";"1";"2026-05-11";"2";"bez nabywcy";"unsold";"source_stated";"1";"300690";"300690";"";"";"brak wpłaconych wadiów";"brak wpłaconych wadiów";"no_deposits";"";"2";"2";"inferred";"https://zgm-gliwice.pl/wp-content/uploads/2026/05/11.05.2026-r.-wyniki-przetargow.pdf";"https://zgm-gliwice.pl/wp-content/uploads/2026/05/11.05.2026-r.-wyniki-przetargow.pdf";"https://zgm-gliwice.pl/wp-content/uploads/2026/05/11.05.2026-r.-wyniki-przetargow.pdf"
"1";"sha256:05edc9bcd6c12042c0d2c50f762e3dc4fbc66bee19c4fd1440be50345c63d5b5";"2024-08-01";"2026-07-31";"mieszkalny";"state_treasury";"libelta|10|1";"Libelta";"10";"1";"2026-07-06";"3";"bez nabywcy";"unsold";"source_stated";"1";"267280";"267280";"";"";"brak wpłaconych wadiów";"brak wpłaconych wadiów";"no_deposits";"";"3";"3";"inferred";"https://zgm-gliwice.pl/wp-content/uploads/2026/07/06.07.2026-r.-wyniki-przetargow.pdf";"https://zgm-gliwice.pl/wp-content/uploads/2026/07/06.07.2026-r.-wyniki-przetargow.pdf";"https://zgm-gliwice.pl/wp-content/uploads/2026/07/06.07.2026-r.-wyniki-przetargow.pdf | https://bip.gliwice.eu/sprzedaz-przetarg-6072026-ul-ignacego-daszynskiego-6510-ul-zwyciestwa-116c-ul-karola-libelta-101-ul-swietojanska-393-ul-rybnicka-2519-ul-rybitwy-1317-lokale-mieszkalne-ul-chorzowska-4012-lokal-uzytkowy"
"1";"sha256:05edc9bcd6c12042c0d2c50f762e3dc4fbc66bee19c4fd1440be50345c63d5b5";"2024-08-01";"2026-07-31";"mieszkalny";"state_treasury";"libelta|8|3";"Libelta";"8";"3";"2025-12-15";"1";"bez nabywcy";"unsold";"source_stated";"1";"258660";"258660";"";"";"brak wpłaconych wadiów";"brak wpłaconych wadiów";"no_deposits";"";"1";"1";"inferred";"https://zgm-gliwice.pl/wp-content/uploads/2025/12/15.12.2025-r.-wyniki-przetargow.pdf";"https://zgm-gliwice.pl/wp-content/uploads/2025/12/15.12.2025-r.-wyniki-przetargow.pdf";"https://zgm-gliwice.pl/wp-content/uploads/2025/12/15.12.2025-r.-wyniki-przetargow.pdf"
"1";"sha256:05edc9bcd6c12042c0d2c50f762e3dc4fbc66bee19c4fd1440be50345c63d5b5";"2024-08-01";"2026-07-31";"mieszkalny";"state_treasury";"libelta|8|3";"Libelta";"8";"3";"2026-02-16";"2";"sprzedano";"sold";"source_stated";"1";"229920";"229920";"232220";"232220";"";"";"";"";"3";"3";"explicit";"https://zgm-gliwice.pl/wp-content/uploads/2026/02/16.02.2026-r.-wyniki-przetargow.pdf";"https://zgm-gliwice.pl/wp-content/uploads/2026/02/16.02.2026-r.-wyniki-przetargow.pdf";"https://zgm-gliwice.pl/wp-content/uploads/2026/02/16.02.2026-r.-wyniki-przetargow.pdf"
"1";"sha256:05edc9bcd6c12042c0d2c50f762e3dc4fbc66bee19c4fd1440be50345c63d5b5";"2024-08-01";"2026-07-31";"mieszkalny";"state_treasury";"lokietka|2|6";"Łokietka";"2";"6";"2025-01-27";"1";"sprzedano";"sold";"source_stated";"1";"278000";"278000";"280780";"280780";"";"";"";"";"4";"4";"explicit";"https://zgm-gliwice.pl/wp-content/uploads/2025/01/27.01.2025-r.-wyniki.pdf";"https://zgm-gliwice.pl/wp-content/uploads/2025/01/27.01.2025-r.-wyniki.pdf";"https://zgm-gliwice.pl/wp-content/uploads/2025/01/27.01.2025-r.-wyniki.pdf"
"1";"sha256:05edc9bcd6c12042c0d2c50f762e3dc4fbc66bee19c4fd1440be50345c63d5b5";"2024-08-01";"2026-07-31";"mieszkalny";"state_treasury";"lompy|1|2A";"Lompy";"1";"2A";"2025-08-04";"1";"bez nabywcy";"unsold";"source_stated";"1";"230000";"230000";"";"";"brak wpłaconych wadiów";"brak wpłaconych wadiów";"no_deposits";"";"1";"1";"inferred";"https://zgm-gliwice.pl/wp-content/uploads/2025/08/04.08.2025-r.-wyniki-przetargow.pdf";"https://zgm-gliwice.pl/wp-content/uploads/2025/08/04.08.2025-r.-wyniki-przetargow.pdf";"https://zgm-gliwice.pl/wp-content/uploads/2025/08/04.08.2025-r.-wyniki-przetargow.pdf"
"1";"sha256:05edc9bcd6c12042c0d2c50f762e3dc4fbc66bee19c4fd1440be50345c63d5b5";"2024-08-01";"2026-07-31";"mieszkalny";"state_treasury";"lompy|1|2A";"Lompy";"1";"2A";"2025-09-22";"2";"bez nabywcy";"unsold";"source_stated";"1";"207000";"207000";"";"";"brak wpłaconych wadiów";"brak wpłaconych wadiów";"no_deposits";"";"2";"2";"inferred";"https://zgm-gliwice.pl/wp-content/uploads/2025/09/22.092025-r.-wyniki-przetargow.pdf";"https://zgm-gliwice.pl/wp-content/uploads/2025/09/22.092025-r.-wyniki-przetargow.pdf";"https://zgm-gliwice.pl/wp-content/uploads/2025/09/22.092025-r.-wyniki-przetargow.pdf"
"1";"sha256:05edc9bcd6c12042c0d2c50f762e3dc4fbc66bee19c4fd1440be50345c63d5b5";"2024-08-01";"2026-07-31";"mieszkalny";"state_treasury";"lompy|7|7";"Lompy";"7";"7";"2026-03-23";"1";"bez nabywcy";"unsold";"source_stated";"1";"969800";"969800";"";"";"brak wpłaconych wadiów";"brak wpłaconych wadiów";"no_deposits";"";"1";"1";"inferred";"https://zgm-gliwice.pl/wp-content/uploads/2026/04/23.03.2026-r.-wyniki-przetargow.pdf";"https://zgm-gliwice.pl/wp-content/uploads/2026/04/23.03.2026-r.-wyniki-przetargow.pdf";"https://zgm-gliwice.pl/wp-content/uploads/2026/04/23.03.2026-r.-wyniki-przetargow.pdf"
"1";"sha256:05edc9bcd6c12042c0d2c50f762e3dc4fbc66bee19c4fd1440be50345c63d5b5";"2024-08-01";"2026-07-31";"mieszkalny";"state_treasury";"lompy|7|7";"Lompy";"7";"7";"2026-06-22";"2";"bez nabywcy";"unsold";"source_stated";"1";"872820";"872820";"";"";"brak wpłaconych wadiów";"brak wpłaconych wadiów";"no_deposits";"";"2";"2";"inferred";"https://zgm-gliwice.pl/wp-content/uploads/2026/06/22.06.2026-wyniki-przetargow.pdf";"https://zgm-gliwice.pl/wp-content/uploads/2026/06/22.06.2026-wyniki-przetargow.pdf";"https://zgm-gliwice.pl/wp-content/uploads/2026/06/22.06.2026-wyniki-przetargow.pdf"
"1";"sha256:05edc9bcd6c12042c0d2c50f762e3dc4fbc66bee19c4fd1440be50345c63d5b5";"2024-08-01";"2026-07-31";"mieszkalny";"state_treasury";"lotnikow|44|2";"Lotników";"44";"2";"2025-09-22";"1";"bez nabywcy";"unsold";"source_stated";"1";"263100";"263100";"";"";"brak wpłaconych wadiów";"brak wpłaconych wadiów";"no_deposits";"";"1";"1";"inferred";"https://zgm-gliwice.pl/wp-content/uploads/2025/09/22.092025-r.-wyniki-przetargow.pdf";"https://zgm-gliwice.pl/wp-content/uploads/2025/09/22.092025-r.-wyniki-przetargow.pdf";"https://zgm-gliwice.pl/wp-content/uploads/2025/09/22.092025-r.-wyniki-przetargow.pdf"
"1";"sha256:05edc9bcd6c12042c0d2c50f762e3dc4fbc66bee19c4fd1440be50345c63d5b5";"2024-08-01";"2026-07-31";"mieszkalny";"state_treasury";"lotnikow|44|2";"Lotników";"44";"2";"2025-12-15";"2";"bez nabywcy";"unsold";"source_stated";"1";"210480";"210480";"";"";"brak wpłaconych wadiów";"brak wpłaconych wadiów";"no_deposits";"";"2";"2";"inferred";"https://zgm-gliwice.pl/wp-content/uploads/2025/12/15.12.2025-r.-wyniki-przetargow.pdf";"https://zgm-gliwice.pl/wp-content/uploads/2025/12/15.12.2025-r.-wyniki-przetargow.pdf";"https://zgm-gliwice.pl/wp-content/uploads/2025/12/15.12.2025-r.-wyniki-przetargow.pdf"
"1";"sha256:05edc9bcd6c12042c0d2c50f762e3dc4fbc66bee19c4fd1440be50345c63d5b5";"2024-08-01";"2026-07-31";"mieszkalny";"state_treasury";"lotnikow|44|2";"Lotników";"44";"2";"2026-02-16";"3";"sprzedano";"sold";"source_stated";"1";"184170";"184170";"219950";"219950";"";"";"";"";"4";"4";"explicit";"https://zgm-gliwice.pl/wp-content/uploads/2026/02/16.02.2026-r.-wyniki-przetargow.pdf";"https://zgm-gliwice.pl/wp-content/uploads/2026/02/16.02.2026-r.-wyniki-przetargow.pdf";"https://zgm-gliwice.pl/wp-content/uploads/2026/02/16.02.2026-r.-wyniki-przetargow.pdf"
"1";"sha256:05edc9bcd6c12042c0d2c50f762e3dc4fbc66bee19c4fd1440be50345c63d5b5";"2024-08-01";"2026-07-31";"mieszkalny";"state_treasury";"norwida|26|2";"Norwida";"26";"2";"2025-09-08";"1";"sprzedano";"sold";"source_stated";"1";"154200";"154200";"198950";"198950";"";"";"";"";"1";"1";"explicit";"https://zgm-gliwice.pl/wp-content/uploads/2025/09/08.09.2025-r.-wyniki-przetargow.pdf";"https://zgm-gliwice.pl/wp-content/uploads/2025/09/08.09.2025-r.-wyniki-przetargow.pdf";"https://zgm-gliwice.pl/wp-content/uploads/2025/09/08.09.2025-r.-wyniki-przetargow.pdf"
"1";"sha256:05edc9bcd6c12042c0d2c50f762e3dc4fbc66bee19c4fd1440be50345c63d5b5";"2024-08-01";"2026-07-31";"mieszkalny";"state_treasury";"odrowazow|42|2";"Odrowążów";"42";"2";"2024-09-23";"1";"sprzedano";"sold";"source_stated";"1";"122500";"122500";"123730";"123730";"";"";"";"";"1";"1";"explicit";"https://zgm-gliwice.pl/wp-content/uploads/2024/09/23.09.2024-r.-wyniki-przetargow.pdf";"https://zgm-gliwice.pl/wp-content/uploads/2024/09/23.09.2024-r.-wyniki-przetargow.pdf";"https://zgm-gliwice.pl/wp-content/uploads/2024/09/23.09.2024-r.-wyniki-przetargow.pdf"
"1";"sha256:05edc9bcd6c12042c0d2c50f762e3dc4fbc66bee19c4fd1440be50345c63d5b5";"2024-08-01";"2026-07-31";"mieszkalny";"state_treasury";"orlickiego|13|8";"Orlickiego";"13";"8";"2025-10-13";"1";"bez nabywcy";"unsold";"source_stated";"1";"276210";"276210";"";"";"wycofanie lub rezygnacja oferenta";"wycofanie lub rezygnacja oferenta";"bidder_withdrew";"";"1";"1";"inferred";"https://zgm-gliwice.pl/wp-content/uploads/2025/10/13.10.2025-r.-wyniki-przetargow.pdf";"https://zgm-gliwice.pl/wp-content/uploads/2025/10/13.10.2025-r.-wyniki-przetargow.pdf";"https://zgm-gliwice.pl/wp-content/uploads/2025/10/13.10.2025-r.-wyniki-przetargow.pdf"
"1";"sha256:05edc9bcd6c12042c0d2c50f762e3dc4fbc66bee19c4fd1440be50345c63d5b5";"2024-08-01";"2026-07-31";"mieszkalny";"state_treasury";"orlickiego|13|8";"Orlickiego";"13";"8";"2025-12-01";"2";"bez nabywcy";"unsold";"source_stated";"1";"276210";"276210";"";"";"oferent/oferenci nie stawili się";"oferent/oferenci nie stawili się";"bidder_noshow";"";"2";"2";"inferred";"https://zgm-gliwice.pl/wp-content/uploads/2025/12/01.12.2025-r.-wyniki-przetargow.pdf";"https://zgm-gliwice.pl/wp-content/uploads/2025/12/01.12.2025-r.-wyniki-przetargow.pdf";"https://zgm-gliwice.pl/wp-content/uploads/2025/12/01.12.2025-r.-wyniki-przetargow.pdf"
"1";"sha256:05edc9bcd6c12042c0d2c50f762e3dc4fbc66bee19c4fd1440be50345c63d5b5";"2024-08-01";"2026-07-31";"mieszkalny";"state_treasury";"piastowska|12|6";"Piastowska";"12";"6";"2025-09-22";"1";"bez nabywcy";"unsold";"source_stated";"1";"377000";"377000";"";"";"oferent/oferenci nie stawili się";"oferent/oferenci nie stawili się";"bidder_noshow";"";"1";"1";"inferred";"https://zgm-gliwice.pl/wp-content/uploads/2025/09/22.092025-r.-wyniki-przetargow.pdf";"https://zgm-gliwice.pl/wp-content/uploads/2025/09/22.092025-r.-wyniki-przetargow.pdf";"https://zgm-gliwice.pl/wp-content/uploads/2025/09/22.092025-r.-wyniki-przetargow.pdf"
"1";"sha256:05edc9bcd6c12042c0d2c50f762e3dc4fbc66bee19c4fd1440be50345c63d5b5";"2024-08-01";"2026-07-31";"mieszkalny";"state_treasury";"piastowska|12|6";"Piastowska";"12";"6";"2025-12-15";"2";"bez nabywcy";"unsold";"source_stated";"1";"339300";"339300";"";"";"brak wpłaconych wadiów";"brak wpłaconych wadiów";"no_deposits";"";"2";"2";"inferred";"https://zgm-gliwice.pl/wp-content/uploads/2025/12/15.12.2025-r.-wyniki-przetargow.pdf";"https://zgm-gliwice.pl/wp-content/uploads/2025/12/15.12.2025-r.-wyniki-przetargow.pdf";"https://zgm-gliwice.pl/wp-content/uploads/2025/12/15.12.2025-r.-wyniki-przetargow.pdf"
"1";"sha256:05edc9bcd6c12042c0d2c50f762e3dc4fbc66bee19c4fd1440be50345c63d5b5";"2024-08-01";"2026-07-31";"mieszkalny";"state_treasury";"piastowska|12|6";"Piastowska";"12";"6";"2026-02-16";"3";"sprzedano";"sold";"source_stated";"1";"301600";"301600";"367280";"367280";"";"";"";"";"4";"4";"explicit";"https://zgm-gliwice.pl/wp-content/uploads/2026/02/16.02.2026-r.-wyniki-przetargow.pdf";"https://zgm-gliwice.pl/wp-content/uploads/2026/02/16.02.2026-r.-wyniki-przetargow.pdf";"https://zgm-gliwice.pl/wp-content/uploads/2026/02/16.02.2026-r.-wyniki-przetargow.pdf"
"1";"sha256:05edc9bcd6c12042c0d2c50f762e3dc4fbc66bee19c4fd1440be50345c63d5b5";"2024-08-01";"2026-07-31";"mieszkalny";"state_treasury";"piwnej|5|8";"Piwna";"5";"8";"2025-12-08";"1";"sprzedano";"sold";"source_stated";"1";"316900";"316900";"320070";"320070";"";"";"";"";"1";"1";"explicit";"https://zgm-gliwice.pl/wp-content/uploads/2025/12/08.12.2025-r.-wyniki-przetargow.pdf";"https://zgm-gliwice.pl/wp-content/uploads/2025/12/08.12.2025-r.-wyniki-przetargow.pdf";"https://zgm-gliwice.pl/wp-content/uploads/2025/12/08.12.2025-r.-wyniki-przetargow.pdf"
"1";"sha256:05edc9bcd6c12042c0d2c50f762e3dc4fbc66bee19c4fd1440be50345c63d5b5";"2024-08-01";"2026-07-31";"mieszkalny";"state_treasury";"plebanskiej|6|11";"Plebańskiej";"6";"11";"2025-01-20";"1";"sprzedano";"sold";"source_stated";"1";"139700";"139700";"297800";"297800";"";"";"";"";"1";"1";"explicit";"https://zgm-gliwice.pl/wp-content/uploads/2025/01/20.01.2025-r.-wyniki.pdf";"https://zgm-gliwice.pl/wp-content/uploads/2025/01/20.01.2025-r.-wyniki.pdf";"https://zgm-gliwice.pl/wp-content/uploads/2025/01/20.01.2025-r.-wyniki.pdf"
"1";"sha256:05edc9bcd6c12042c0d2c50f762e3dc4fbc66bee19c4fd1440be50345c63d5b5";"2024-08-01";"2026-07-31";"mieszkalny";"state_treasury";"plebiscytowa|4|9";"Plebiscytowa";"4";"9";"2026-03-16";"1";"bez nabywcy";"unsold";"source_stated";"1";"255600";"255600";"";"";"brak wpłaconych wadiów";"brak wpłaconych wadiów";"no_deposits";"";"1";"1";"inferred";"https://zgm-gliwice.pl/wp-content/uploads/2026/03/16.03.2026-r.-wyniki-przetargow.pdf";"https://zgm-gliwice.pl/wp-content/uploads/2026/03/16.03.2026-r.-wyniki-przetargow.pdf";"https://zgm-gliwice.pl/wp-content/uploads/2026/03/16.03.2026-r.-wyniki-przetargow.pdf"
"1";"sha256:05edc9bcd6c12042c0d2c50f762e3dc4fbc66bee19c4fd1440be50345c63d5b5";"2024-08-01";"2026-07-31";"mieszkalny";"state_treasury";"plebiscytowa|4|9";"Plebiscytowa";"4";"9";"2026-04-27";"2";"bez nabywcy";"unsold";"source_stated";"1";"227200";"227200";"";"";"brak wpłaconych wadiów";"brak wpłaconych wadiów";"no_deposits";"";"2";"2";"inferred";"https://zgm-gliwice.pl/wp-content/uploads/2026/05/27.04.2026-r.-wyniki-przetargow.pdf";"https://zgm-gliwice.pl/wp-content/uploads/2026/05/27.04.2026-r.-wyniki-przetargow.pdf";"https://zgm-gliwice.pl/wp-content/uploads/2026/05/27.04.2026-r.-wyniki-przetargow.pdf"
"1";"sha256:05edc9bcd6c12042c0d2c50f762e3dc4fbc66bee19c4fd1440be50345c63d5b5";"2024-08-01";"2026-07-31";"mieszkalny";"state_treasury";"plebiscytowa|4|9";"Plebiscytowa";"4";"9";"2026-06-29";"3";"brak opublikowanego wyniku";"archived";"unknown";"1";"198800";"198800";"";"";"";"";"";"";"3";"3";"inferred";"";"https://zgm-gliwice.pl/plebiscytowa-4-9-19-01-2026-r/";"https://zgm-gliwice.pl/plebiscytowa-4-9-19-01-2026-r/ | https://bip.gliwice.eu/sprzedaz-przetarg-29062026-ul-krolewskiej-tamy-552-ul-krolewskiej-tamy-532-ul-plebiscytowa-4-9-ul-poniatowskiego-113-lokale-mieszkalne-ul-zwyciestwa-457-lokal-uzytkowy-ul-kozielska-13-garaz-nr-1"
"1";"sha256:05edc9bcd6c12042c0d2c50f762e3dc4fbc66bee19c4fd1440be50345c63d5b5";"2024-08-01";"2026-07-31";"mieszkalny";"state_treasury";"plebiscytowej|16|11";"Plebiscytowa";"16";"11";"2026-03-16";"1";"sprzedano";"sold";"source_stated";"1";"249400";"249400";"251900";"251900";"";"";"";"";"1";"1";"explicit";"https://zgm-gliwice.pl/wp-content/uploads/2026/03/16.03.2026-r.-wyniki-przetargow.pdf";"https://zgm-gliwice.pl/wp-content/uploads/2026/03/16.03.2026-r.-wyniki-przetargow.pdf";"https://zgm-gliwice.pl/wp-content/uploads/2026/03/16.03.2026-r.-wyniki-przetargow.pdf"
"1";"sha256:05edc9bcd6c12042c0d2c50f762e3dc4fbc66bee19c4fd1440be50345c63d5b5";"2024-08-01";"2026-07-31";"mieszkalny";"state_treasury";"pliszki|1|23";"Pliszki";"1";"23";"2024-09-23";"1";"sprzedano";"sold";"source_stated";"1";"161000";"161000";"205930";"205930";"";"";"";"";"1";"1";"explicit";"https://zgm-gliwice.pl/wp-content/uploads/2024/09/23.09.2024-r.-wyniki-przetargow.pdf";"https://zgm-gliwice.pl/wp-content/uploads/2024/09/23.09.2024-r.-wyniki-przetargow.pdf";"https://zgm-gliwice.pl/wp-content/uploads/2024/09/23.09.2024-r.-wyniki-przetargow.pdf"
"1";"sha256:05edc9bcd6c12042c0d2c50f762e3dc4fbc66bee19c4fd1440be50345c63d5b5";"2024-08-01";"2026-07-31";"mieszkalny";"state_treasury";"pliszki|1|59";"Pliszki";"1";"59";"2025-12-01";"1";"sprzedano";"sold";"source_stated";"1";"189700";"189700";"203000";"203000";"";"";"";"";"1";"1";"explicit";"https://zgm-gliwice.pl/wp-content/uploads/2025/12/01.12.2025-r.-wyniki-przetargow.pdf";"https://zgm-gliwice.pl/wp-content/uploads/2025/12/01.12.2025-r.-wyniki-przetargow.pdf";"https://zgm-gliwice.pl/wp-content/uploads/2025/12/01.12.2025-r.-wyniki-przetargow.pdf"
"1";"sha256:05edc9bcd6c12042c0d2c50f762e3dc4fbc66bee19c4fd1440be50345c63d5b5";"2024-08-01";"2026-07-31";"mieszkalny";"state_treasury";"poniatowskiego|1|13";"Poniatowskiego";"1";"13";"2026-03-16";"1";"bez nabywcy";"unsold";"source_stated";"1";"176850";"176850";"";"";"brak wpłaconych wadiów";"brak wpłaconych wadiów";"no_deposits";"";"1";"1";"inferred";"https://zgm-gliwice.pl/wp-content/uploads/2026/03/16.03.2026-r.-wyniki-przetargow.pdf";"https://zgm-gliwice.pl/wp-content/uploads/2026/03/16.03.2026-r.-wyniki-przetargow.pdf";"https://zgm-gliwice.pl/wp-content/uploads/2026/03/16.03.2026-r.-wyniki-przetargow.pdf"
"1";"sha256:05edc9bcd6c12042c0d2c50f762e3dc4fbc66bee19c4fd1440be50345c63d5b5";"2024-08-01";"2026-07-31";"mieszkalny";"state_treasury";"poniatowskiego|1|13";"Poniatowskiego";"1";"13";"2026-04-27";"2";"bez nabywcy";"unsold";"source_stated";"1";"157200";"157200";"";"";"brak wpłaconych wadiów";"brak wpłaconych wadiów";"no_deposits";"";"2";"2";"inferred";"https://zgm-gliwice.pl/wp-content/uploads/2026/05/27.04.2026-r.-wyniki-przetargow.pdf";"https://zgm-gliwice.pl/wp-content/uploads/2026/05/27.04.2026-r.-wyniki-przetargow.pdf";"https://zgm-gliwice.pl/wp-content/uploads/2026/05/27.04.2026-r.-wyniki-przetargow.pdf"
"1";"sha256:05edc9bcd6c12042c0d2c50f762e3dc4fbc66bee19c4fd1440be50345c63d5b5";"2024-08-01";"2026-07-31";"mieszkalny";"state_treasury";"poniatowskiego|1|13";"Poniatowskiego";"1";"13";"2026-06-29";"3";"brak opublikowanego wyniku";"archived";"unknown";"1";"137550";"137550";"";"";"";"";"";"";"3";"3";"inferred";"";"https://zgm-gliwice.pl/poniatowskiego-1-13-19-01-2026-r/";"https://zgm-gliwice.pl/poniatowskiego-1-13-19-01-2026-r/ | https://bip.gliwice.eu/sprzedaz-przetarg-29062026-ul-krolewskiej-tamy-552-ul-krolewskiej-tamy-532-ul-plebiscytowa-4-9-ul-poniatowskiego-113-lokale-mieszkalne-ul-zwyciestwa-457-lokal-uzytkowy-ul-kozielska-13-garaz-nr-1"
"1";"sha256:05edc9bcd6c12042c0d2c50f762e3dc4fbc66bee19c4fd1440be50345c63d5b5";"2024-08-01";"2026-07-31";"mieszkalny";"state_treasury";"popieluszki|8|4";"Popiełuszki";"8";"4";"2025-03-03";"1";"bez nabywcy";"unsold";"source_stated";"1";"341100";"341100";"";"";"brak wpłaconych wadiów";"brak wpłaconych wadiów";"no_deposits";"";"1";"1";"inferred";"https://zgm-gliwice.pl/wp-content/uploads/2025/03/03.03.2025-r.-wyniki-przetargow.pdf";"https://zgm-gliwice.pl/wp-content/uploads/2025/03/03.03.2025-r.-wyniki-przetargow.pdf";"https://zgm-gliwice.pl/wp-content/uploads/2025/03/03.03.2025-r.-wyniki-przetargow.pdf"
"1";"sha256:05edc9bcd6c12042c0d2c50f762e3dc4fbc66bee19c4fd1440be50345c63d5b5";"2024-08-01";"2026-07-31";"mieszkalny";"state_treasury";"przyjazni|9|5";"Przyjaźni";"9";"5";"2026-03-30";"1";"bez nabywcy";"unsold";"source_stated";"1";"884800";"884800";"";"";"brak wpłaconych wadiów";"brak wpłaconych wadiów";"no_deposits";"";"1";"1";"inferred";"https://zgm-gliwice.pl/wp-content/uploads/2026/04/30.03.2026-r.-wyniki-przetargow.pdf";"https://zgm-gliwice.pl/wp-content/uploads/2026/04/30.03.2026-r.-wyniki-przetargow.pdf";"https://zgm-gliwice.pl/wp-content/uploads/2026/04/30.03.2026-r.-wyniki-przetargow.pdf"
"1";"sha256:05edc9bcd6c12042c0d2c50f762e3dc4fbc66bee19c4fd1440be50345c63d5b5";"2024-08-01";"2026-07-31";"mieszkalny";"state_treasury";"przyjazni|9|5";"Przyjaźni";"9";"5";"2026-06-22";"2";"bez nabywcy";"unsold";"source_stated";"1";"796320";"796320";"";"";"brak wpłaconych wadiów";"brak wpłaconych wadiów";"no_deposits";"";"2";"2";"inferred";"https://zgm-gliwice.pl/wp-content/uploads/2026/06/22.06.2026-wyniki-przetargow.pdf";"https://zgm-gliwice.pl/wp-content/uploads/2026/06/22.06.2026-wyniki-przetargow.pdf";"https://zgm-gliwice.pl/wp-content/uploads/2026/06/22.06.2026-wyniki-przetargow.pdf"
"1";"sha256:05edc9bcd6c12042c0d2c50f762e3dc4fbc66bee19c4fd1440be50345c63d5b5";"2024-08-01";"2026-07-31";"mieszkalny";"state_treasury";"pszczynska|7A|14";"Pszczyńska";"7A";"14";"2025-01-20";"1";"bez nabywcy";"unsold";"source_stated";"1";"200000";"200000";"";"";"oferent/oferenci nie stawili się";"oferent/oferenci nie stawili się";"bidder_noshow";"";"1";"1";"inferred";"https://zgm-gliwice.pl/wp-content/uploads/2025/01/20.01.2025-r.-wyniki.pdf";"https://zgm-gliwice.pl/wp-content/uploads/2025/01/20.01.2025-r.-wyniki.pdf";"https://zgm-gliwice.pl/wp-content/uploads/2025/01/20.01.2025-r.-wyniki.pdf"
"1";"sha256:05edc9bcd6c12042c0d2c50f762e3dc4fbc66bee19c4fd1440be50345c63d5b5";"2024-08-01";"2026-07-31";"mieszkalny";"state_treasury";"pszczynska|7A|14";"Pszczyńska";"7A";"14";"2025-03-03";"2";"bez nabywcy";"unsold";"source_stated";"1";"180000";"180000";"";"";"brak wpłaconych wadiów";"brak wpłaconych wadiów";"no_deposits";"";"2";"2";"inferred";"https://zgm-gliwice.pl/wp-content/uploads/2025/03/03.03.2025-r.-wyniki-przetargow.pdf";"https://zgm-gliwice.pl/wp-content/uploads/2025/03/03.03.2025-r.-wyniki-przetargow.pdf";"https://zgm-gliwice.pl/wp-content/uploads/2025/03/03.03.2025-r.-wyniki-przetargow.pdf"
"1";"sha256:05edc9bcd6c12042c0d2c50f762e3dc4fbc66bee19c4fd1440be50345c63d5b5";"2024-08-01";"2026-07-31";"mieszkalny";"state_treasury";"pszczynska|7A|14";"Pszczyńska";"7A";"14";"2025-06-16";"3";"sprzedano";"sold";"source_stated";"1";"140000";"140000";"141400";"141400";"";"";"";"";"4";"4";"explicit";"https://zgm-gliwice.pl/wp-content/uploads/2025/06/16.06.2025-wyniki-przetargow.pdf";"https://zgm-gliwice.pl/wp-content/uploads/2025/06/16.06.2025-wyniki-przetargow.pdf";"https://zgm-gliwice.pl/wp-content/uploads/2025/06/16.06.2025-wyniki-przetargow.pdf"
"1";"sha256:05edc9bcd6c12042c0d2c50f762e3dc4fbc66bee19c4fd1440be50345c63d5b5";"2024-08-01";"2026-07-31";"mieszkalny";"state_treasury";"pszczynskiej|9A|4";"Pszczyńska";"9A";"4";"2025-01-20";"1";"sprzedano";"sold";"source_stated";"1";"175600";"175600";"196720";"196720";"";"";"";"";"2";"2";"explicit";"https://zgm-gliwice.pl/wp-content/uploads/2025/01/20.01.2025-r.-wyniki.pdf";"https://zgm-gliwice.pl/wp-content/uploads/2025/01/20.01.2025-r.-wyniki.pdf";"https://zgm-gliwice.pl/wp-content/uploads/2025/01/20.01.2025-r.-wyniki.pdf"
"1";"sha256:05edc9bcd6c12042c0d2c50f762e3dc4fbc66bee19c4fd1440be50345c63d5b5";"2024-08-01";"2026-07-31";"mieszkalny";"state_treasury";"raciborskiej|8|1";"Raciborska";"8";"1";"2024-10-28";"1";"sprzedano";"sold";"source_stated";"1";"461600";"461600";"466220";"466220";"";"";"";"";"1";"1";"explicit";"https://zgm-gliwice.pl/wp-content/uploads/2024/11/28.10.2024-r.-wyniki-przetargow.pdf";"https://zgm-gliwice.pl/wp-content/uploads/2024/11/28.10.2024-r.-wyniki-przetargow.pdf";"https://zgm-gliwice.pl/wp-content/uploads/2024/11/28.10.2024-r.-wyniki-przetargow.pdf"
"1";"sha256:05edc9bcd6c12042c0d2c50f762e3dc4fbc66bee19c4fd1440be50345c63d5b5";"2024-08-01";"2026-07-31";"mieszkalny";"state_treasury";"rybitwy|13|17";"Rybitwy";"13";"17";"2025-12-01";"1";"bez nabywcy";"unsold";"source_stated";"1";"314300";"314300";"";"";"brak wpłaconych wadiów";"brak wpłaconych wadiów";"no_deposits";"";"1";"1";"inferred";"https://zgm-gliwice.pl/wp-content/uploads/2025/12/01.12.2025-r.-wyniki-przetargow.pdf";"https://zgm-gliwice.pl/wp-content/uploads/2025/12/01.12.2025-r.-wyniki-przetargow.pdf";"https://zgm-gliwice.pl/wp-content/uploads/2025/12/01.12.2025-r.-wyniki-przetargow.pdf"
"1";"sha256:05edc9bcd6c12042c0d2c50f762e3dc4fbc66bee19c4fd1440be50345c63d5b5";"2024-08-01";"2026-07-31";"mieszkalny";"state_treasury";"rybitwy|13|17";"Rybitwy";"13";"17";"2026-03-16";"2";"bez nabywcy";"unsold";"source_stated";"1";"251440";"251440";"";"";"oferent/oferenci nie stawili się";"oferent/oferenci nie stawili się";"bidder_noshow";"";"2";"2";"inferred";"https://zgm-gliwice.pl/wp-content/uploads/2026/03/16.03.2026-r.-wyniki-przetargow.pdf";"https://zgm-gliwice.pl/wp-content/uploads/2026/03/16.03.2026-r.-wyniki-przetargow.pdf";"https://zgm-gliwice.pl/wp-content/uploads/2026/03/16.03.2026-r.-wyniki-przetargow.pdf"
"1";"sha256:05edc9bcd6c12042c0d2c50f762e3dc4fbc66bee19c4fd1440be50345c63d5b5";"2024-08-01";"2026-07-31";"mieszkalny";"state_treasury";"rybitwy|13|17";"Rybitwy";"13";"17";"2026-05-11";"3";"bez nabywcy";"unsold";"source_stated";"1";"251440";"251440";"";"";"brak wpłaconych wadiów";"brak wpłaconych wadiów";"no_deposits";"";"3";"3";"inferred";"https://zgm-gliwice.pl/wp-content/uploads/2026/05/11.05.2026-r.-wyniki-przetargow.pdf";"https://zgm-gliwice.pl/wp-content/uploads/2026/05/11.05.2026-r.-wyniki-przetargow.pdf";"https://zgm-gliwice.pl/wp-content/uploads/2026/05/11.05.2026-r.-wyniki-przetargow.pdf"
"1";"sha256:05edc9bcd6c12042c0d2c50f762e3dc4fbc66bee19c4fd1440be50345c63d5b5";"2024-08-01";"2026-07-31";"mieszkalny";"state_treasury";"rybitwy|13|17";"Rybitwy";"13";"17";"2026-07-06";"4";"sprzedano";"sold";"source_stated";"1";"251440";"251440";"253960";"253960";"";"";"";"";"5";"5";"explicit";"https://zgm-gliwice.pl/wp-content/uploads/2026/07/06.07.2026-r.-wyniki-przetargow.pdf";"https://zgm-gliwice.pl/wp-content/uploads/2026/07/06.07.2026-r.-wyniki-przetargow.pdf";"https://zgm-gliwice.pl/wp-content/uploads/2026/07/06.07.2026-r.-wyniki-przetargow.pdf"
"1";"sha256:05edc9bcd6c12042c0d2c50f762e3dc4fbc66bee19c4fd1440be50345c63d5b5";"2024-08-01";"2026-07-31";"mieszkalny";"state_treasury";"rybitwy|9|11";"Rybitwy";"9";"11";"2026-04-20";"1";"sprzedano";"sold";"source_stated";"1";"261600";"261600";"264220";"264220";"";"";"";"";"1";"1";"explicit";"https://zgm-gliwice.pl/wp-content/uploads/2026/04/20.04.2026-r.-wyniki-przetargow.pdf";"https://zgm-gliwice.pl/wp-content/uploads/2026/04/20.04.2026-r.-wyniki-przetargow.pdf";"https://zgm-gliwice.pl/wp-content/uploads/2026/04/20.04.2026-r.-wyniki-przetargow.pdf"
"1";"sha256:05edc9bcd6c12042c0d2c50f762e3dc4fbc66bee19c4fd1440be50345c63d5b5";"2024-08-01";"2026-07-31";"mieszkalny";"state_treasury";"rybnicka|25|19";"Rybnicka";"25";"19";"2025-12-01";"1";"bez nabywcy";"unsold";"source_stated";"1";"350700";"350700";"";"";"brak wpłaconych wadiów";"brak wpłaconych wadiów";"no_deposits";"";"1";"1";"inferred";"https://zgm-gliwice.pl/wp-content/uploads/2025/12/01.12.2025-r.-wyniki-przetargow.pdf";"https://zgm-gliwice.pl/wp-content/uploads/2025/12/01.12.2025-r.-wyniki-przetargow.pdf";"https://zgm-gliwice.pl/wp-content/uploads/2025/12/01.12.2025-r.-wyniki-przetargow.pdf"
"1";"sha256:05edc9bcd6c12042c0d2c50f762e3dc4fbc66bee19c4fd1440be50345c63d5b5";"2024-08-01";"2026-07-31";"mieszkalny";"state_treasury";"rybnicka|25|19";"Rybnicka";"25";"19";"2026-03-16";"2";"bez nabywcy";"unsold";"source_stated";"1";"280560";"280560";"";"";"brak wpłaconych wadiów";"brak wpłaconych wadiów";"no_deposits";"";"2";"2";"inferred";"https://zgm-gliwice.pl/wp-content/uploads/2026/03/16.03.2026-r.-wyniki-przetargow.pdf";"https://zgm-gliwice.pl/wp-content/uploads/2026/03/16.03.2026-r.-wyniki-przetargow.pdf";"https://zgm-gliwice.pl/wp-content/uploads/2026/03/16.03.2026-r.-wyniki-przetargow.pdf"
"1";"sha256:05edc9bcd6c12042c0d2c50f762e3dc4fbc66bee19c4fd1440be50345c63d5b5";"2024-08-01";"2026-07-31";"mieszkalny";"state_treasury";"rybnicka|25|19";"Rybnicka";"25";"19";"2026-05-04";"3";"bez nabywcy";"unsold";"source_stated";"1";"245490";"245490";"";"";"oferent/oferenci nie stawili się";"oferent/oferenci nie stawili się";"bidder_noshow";"";"3";"3";"inferred";"https://zgm-gliwice.pl/wp-content/uploads/2026/05/04.05.2026-r.-wyniki-przetargow.pdf";"https://zgm-gliwice.pl/wp-content/uploads/2026/05/04.05.2026-r.-wyniki-przetargow.pdf";"https://zgm-gliwice.pl/wp-content/uploads/2026/05/04.05.2026-r.-wyniki-przetargow.pdf"
"1";"sha256:05edc9bcd6c12042c0d2c50f762e3dc4fbc66bee19c4fd1440be50345c63d5b5";"2024-08-01";"2026-07-31";"mieszkalny";"state_treasury";"rybnicka|25|19";"Rybnicka";"25";"19";"2026-07-06";"4";"bez nabywcy";"unsold";"source_stated";"1";"245490";"245490";"";"";"brak wpłaconych wadiów";"brak wpłaconych wadiów";"no_deposits";"";"4";"4";"inferred";"https://zgm-gliwice.pl/wp-content/uploads/2026/07/06.07.2026-r.-wyniki-przetargow.pdf";"https://zgm-gliwice.pl/wp-content/uploads/2026/07/06.07.2026-r.-wyniki-przetargow.pdf";"https://zgm-gliwice.pl/wp-content/uploads/2026/07/06.07.2026-r.-wyniki-przetargow.pdf | https://bip.gliwice.eu/sprzedaz-przetarg-6072026-ul-ignacego-daszynskiego-6510-ul-zwyciestwa-116c-ul-karola-libelta-101-ul-swietojanska-393-ul-rybnicka-2519-ul-rybitwy-1317-lokale-mieszkalne-ul-chorzowska-4012-lokal-uzytkowy"
"1";"sha256:05edc9bcd6c12042c0d2c50f762e3dc4fbc66bee19c4fd1440be50345c63d5b5";"2024-08-01";"2026-07-31";"mieszkalny";"state_treasury";"rybnickie|9|7";"Rybnickie";"9";"7";"2024-10-28";"1";"sprzedano";"sold";"source_stated";"1";"77500";"77500";"78280";"78280";"";"";"";"";"1";"1";"explicit";"https://zgm-gliwice.pl/wp-content/uploads/2024/11/28.10.2024-r.-wyniki-przetargow.pdf";"https://zgm-gliwice.pl/wp-content/uploads/2024/11/28.10.2024-r.-wyniki-przetargow.pdf";"https://zgm-gliwice.pl/wp-content/uploads/2024/11/28.10.2024-r.-wyniki-przetargow.pdf"
"1";"sha256:05edc9bcd6c12042c0d2c50f762e3dc4fbc66bee19c4fd1440be50345c63d5b5";"2024-08-01";"2026-07-31";"mieszkalny";"state_treasury";"rydygiera|4|8";"Rydygiera";"4";"8";"2024-10-28";"1";"sprzedano";"sold";"source_stated";"1";"186700";"186700";"235610";"235610";"";"";"";"";"1";"1";"explicit";"https://zgm-gliwice.pl/wp-content/uploads/2024/11/28.10.2024-r.-wyniki-przetargow.pdf";"https://zgm-gliwice.pl/wp-content/uploads/2024/11/28.10.2024-r.-wyniki-przetargow.pdf";"https://zgm-gliwice.pl/wp-content/uploads/2024/11/28.10.2024-r.-wyniki-przetargow.pdf"
"1";"sha256:05edc9bcd6c12042c0d2c50f762e3dc4fbc66bee19c4fd1440be50345c63d5b5";"2024-08-01";"2026-07-31";"mieszkalny";"state_treasury";"slowackiego|42A|4";"Słowackiego";"42A";"4";"2026-05-04";"1";"sprzedano";"sold";"source_stated";"1";"275800";"275800";"278560";"278560";"";"";"";"";"1";"1";"explicit";"https://zgm-gliwice.pl/wp-content/uploads/2026/05/04.05.2026-r.-wyniki-przetargow.pdf";"https://zgm-gliwice.pl/wp-content/uploads/2026/05/04.05.2026-r.-wyniki-przetargow.pdf";"https://zgm-gliwice.pl/wp-content/uploads/2026/05/04.05.2026-r.-wyniki-przetargow.pdf"
"1";"sha256:05edc9bcd6c12042c0d2c50f762e3dc4fbc66bee19c4fd1440be50345c63d5b5";"2024-08-01";"2026-07-31";"mieszkalny";"state_treasury";"sobieskiego|12|7";"Sobieskiego";"12";"7";"2025-05-12";"1";"sprzedano";"sold";"source_stated";"1";"516500";"516500";"521670";"521670";"";"";"";"";"1";"1";"explicit";"https://zgm-gliwice.pl/wp-content/uploads/2025/05/12.05.2025-r.-wyniki-przetargow.pdf";"https://zgm-gliwice.pl/wp-content/uploads/2025/05/12.05.2025-r.-wyniki-przetargow.pdf";"https://zgm-gliwice.pl/wp-content/uploads/2025/05/12.05.2025-r.-wyniki-przetargow.pdf"
"1";"sha256:05edc9bcd6c12042c0d2c50f762e3dc4fbc66bee19c4fd1440be50345c63d5b5";"2024-08-01";"2026-07-31";"mieszkalny";"state_treasury";"sportowa|6|2";"Sportowa";"6";"2";"2025-11-17";"1";"bez nabywcy";"unsold";"source_stated";"1";"177500";"177500";"";"";"brak wpłaconych wadiów";"brak wpłaconych wadiów";"no_deposits";"";"1";"1";"inferred";"https://zgm-gliwice.pl/wp-content/uploads/2025/11/17.11.2025-r.-wyniki-przetargow.pdf";"https://zgm-gliwice.pl/wp-content/uploads/2025/11/17.11.2025-r.-wyniki-przetargow.pdf";"https://zgm-gliwice.pl/wp-content/uploads/2025/11/17.11.2025-r.-wyniki-przetargow.pdf"
"1";"sha256:05edc9bcd6c12042c0d2c50f762e3dc4fbc66bee19c4fd1440be50345c63d5b5";"2024-08-01";"2026-07-31";"mieszkalny";"state_treasury";"sportowa|6|2";"Sportowa";"6";"2";"2026-01-12";"2";"bez nabywcy";"unsold";"source_stated";"1";"159750";"159750";"";"";"brak wpłaconych wadiów";"brak wpłaconych wadiów";"no_deposits";"";"2";"2";"inferred";"https://zgm-gliwice.pl/wp-content/uploads/2026/01/12.01.2026-wyniki.pdf";"https://zgm-gliwice.pl/wp-content/uploads/2026/01/12.01.2026-wyniki.pdf";"https://zgm-gliwice.pl/wp-content/uploads/2026/01/12.01.2026-wyniki.pdf"
"1";"sha256:05edc9bcd6c12042c0d2c50f762e3dc4fbc66bee19c4fd1440be50345c63d5b5";"2024-08-01";"2026-07-31";"mieszkalny";"state_treasury";"sportowa|6|2";"Sportowa";"6";"2";"2026-02-23";"3";"sprzedano";"sold";"source_stated";"1";"142000";"142000";"177500";"177500";"";"";"";"";"3";"3";"explicit";"https://zgm-gliwice.pl/wp-content/uploads/2026/03/23.02.2026-r.-wyniki-przetargow.pdf";"https://zgm-gliwice.pl/wp-content/uploads/2026/03/23.02.2026-r.-wyniki-przetargow.pdf";"https://zgm-gliwice.pl/wp-content/uploads/2026/03/23.02.2026-r.-wyniki-przetargow.pdf"
"1";"sha256:05edc9bcd6c12042c0d2c50f762e3dc4fbc66bee19c4fd1440be50345c63d5b5";"2024-08-01";"2026-07-31";"mieszkalny";"state_treasury";"staszica|13|2";"Staszica";"13";"2";"2025-03-31";"1";"bez nabywcy";"unsold";"source_stated";"1";"202600";"202600";"";"";"oferent/oferenci nie stawili się";"oferent/oferenci nie stawili się";"bidder_noshow";"";"1";"1";"inferred";"https://zgm-gliwice.pl/wp-content/uploads/2025/04/31.03.2025-r.-wyniki-przetargow.pdf";"https://zgm-gliwice.pl/wp-content/uploads/2025/04/31.03.2025-r.-wyniki-przetargow.pdf";"https://zgm-gliwice.pl/wp-content/uploads/2025/04/31.03.2025-r.-wyniki-przetargow.pdf"
"1";"sha256:05edc9bcd6c12042c0d2c50f762e3dc4fbc66bee19c4fd1440be50345c63d5b5";"2024-08-01";"2026-07-31";"mieszkalny";"state_treasury";"staszica|13|2";"Staszica";"13";"2";"2025-05-12";"2";"bez nabywcy";"unsold";"source_stated";"1";"202600";"202600";"";"";"brak wpłaconych wadiów";"brak wpłaconych wadiów";"no_deposits";"";"2";"2";"inferred";"https://zgm-gliwice.pl/wp-content/uploads/2025/05/12.05.2025-r.-wyniki-przetargow.pdf";"https://zgm-gliwice.pl/wp-content/uploads/2025/05/12.05.2025-r.-wyniki-przetargow.pdf";"https://zgm-gliwice.pl/wp-content/uploads/2025/05/12.05.2025-r.-wyniki-przetargow.pdf"
"1";"sha256:05edc9bcd6c12042c0d2c50f762e3dc4fbc66bee19c4fd1440be50345c63d5b5";"2024-08-01";"2026-07-31";"mieszkalny";"state_treasury";"staszica|13|2";"Staszica";"13";"2";"2025-06-23";"3";"sprzedano";"sold";"source_stated";"1";"182400";"182400";"191550";"191550";"";"";"";"";"3";"3";"explicit";"https://zgm-gliwice.pl/wp-content/uploads/2025/07/23.06.2025-r.-wyniki-przetargow.pdf";"https://zgm-gliwice.pl/wp-content/uploads/2025/07/23.06.2025-r.-wyniki-przetargow.pdf";"https://zgm-gliwice.pl/wp-content/uploads/2025/07/23.06.2025-r.-wyniki-przetargow.pdf"
"1";"sha256:05edc9bcd6c12042c0d2c50f762e3dc4fbc66bee19c4fd1440be50345c63d5b5";"2024-08-01";"2026-07-31";"mieszkalny";"state_treasury";"styczynskiego|10|13";"Styczyńskiego";"10";"13";"2025-11-17";"1";"bez nabywcy";"unsold";"source_stated";"1";"218800";"218800";"";"";"brak wpłaconych wadiów";"brak wpłaconych wadiów";"no_deposits";"";"1";"1";"inferred";"https://zgm-gliwice.pl/wp-content/uploads/2025/11/17.11.2025-r.-wyniki-przetargow.pdf";"https://zgm-gliwice.pl/wp-content/uploads/2025/11/17.11.2025-r.-wyniki-przetargow.pdf";"https://zgm-gliwice.pl/wp-content/uploads/2025/11/17.11.2025-r.-wyniki-przetargow.pdf"
"1";"sha256:05edc9bcd6c12042c0d2c50f762e3dc4fbc66bee19c4fd1440be50345c63d5b5";"2024-08-01";"2026-07-31";"mieszkalny";"state_treasury";"styczynskiego|10|13";"Styczyńskiego";"10";"13";"2026-01-12";"2";"bez nabywcy";"unsold";"source_stated";"1";"196920";"196920";"";"";"brak wpłaconych wadiów";"brak wpłaconych wadiów";"no_deposits";"";"2";"2";"inferred";"https://zgm-gliwice.pl/wp-content/uploads/2026/01/12.01.2026-wyniki.pdf";"https://zgm-gliwice.pl/wp-content/uploads/2026/01/12.01.2026-wyniki.pdf";"https://zgm-gliwice.pl/wp-content/uploads/2026/01/12.01.2026-wyniki.pdf"
"1";"sha256:05edc9bcd6c12042c0d2c50f762e3dc4fbc66bee19c4fd1440be50345c63d5b5";"2024-08-01";"2026-07-31";"mieszkalny";"state_treasury";"styczynskiego|10|13";"Styczyńskiego";"10";"13";"2026-02-23";"3";"bez nabywcy";"unsold";"source_stated";"1";"175040";"175040";"";"";"brak wpłaconych wadiów";"brak wpłaconych wadiów";"no_deposits";"";"3";"3";"inferred";"https://zgm-gliwice.pl/wp-content/uploads/2026/03/23.02.2026-r.-wyniki-przetargow.pdf";"https://zgm-gliwice.pl/wp-content/uploads/2026/03/23.02.2026-r.-wyniki-przetargow.pdf";"https://zgm-gliwice.pl/wp-content/uploads/2026/03/23.02.2026-r.-wyniki-przetargow.pdf"
"1";"sha256:05edc9bcd6c12042c0d2c50f762e3dc4fbc66bee19c4fd1440be50345c63d5b5";"2024-08-01";"2026-07-31";"mieszkalny";"state_treasury";"styczynskiego|10|13";"Styczyńskiego";"10";"13";"2026-04-20";"4";"sprzedano";"sold";"source_stated";"1";"153160";"153160";"171160";"171160";"";"";"";"";"4";"4";"explicit";"https://zgm-gliwice.pl/wp-content/uploads/2026/04/20.04.2026-r.-wyniki-przetargow.pdf";"https://zgm-gliwice.pl/wp-content/uploads/2026/04/20.04.2026-r.-wyniki-przetargow.pdf";"https://zgm-gliwice.pl/wp-content/uploads/2026/04/20.04.2026-r.-wyniki-przetargow.pdf"
"1";"sha256:05edc9bcd6c12042c0d2c50f762e3dc4fbc66bee19c4fd1440be50345c63d5b5";"2024-08-01";"2026-07-31";"mieszkalny";"state_treasury";"swietojanska|39|3";"Świętojańska";"39";"3";"2026-05-04";"1";"bez nabywcy";"unsold";"source_stated";"1";"264000";"264000";"";"";"oferent/oferenci nie stawili się";"oferent/oferenci nie stawili się";"bidder_noshow";"";"1";"1";"inferred";"https://zgm-gliwice.pl/wp-content/uploads/2026/05/04.05.2026-r.-wyniki-przetargow.pdf";"https://zgm-gliwice.pl/wp-content/uploads/2026/05/04.05.2026-r.-wyniki-przetargow.pdf";"https://zgm-gliwice.pl/wp-content/uploads/2026/05/04.05.2026-r.-wyniki-przetargow.pdf"
"1";"sha256:05edc9bcd6c12042c0d2c50f762e3dc4fbc66bee19c4fd1440be50345c63d5b5";"2024-08-01";"2026-07-31";"mieszkalny";"state_treasury";"swietojanska|39|3";"Świętojańska";"39";"3";"2026-07-06";"2";"bez nabywcy";"unsold";"source_stated";"1";"264000";"264000";"";"";"brak wpłaconych wadiów";"brak wpłaconych wadiów";"no_deposits";"";"2";"2";"inferred";"https://zgm-gliwice.pl/wp-content/uploads/2026/07/06.07.2026-r.-wyniki-przetargow.pdf";"https://zgm-gliwice.pl/wp-content/uploads/2026/07/06.07.2026-r.-wyniki-przetargow.pdf";"https://zgm-gliwice.pl/wp-content/uploads/2026/07/06.07.2026-r.-wyniki-przetargow.pdf"
"1";"sha256:05edc9bcd6c12042c0d2c50f762e3dc4fbc66bee19c4fd1440be50345c63d5b5";"2024-08-01";"2026-07-31";"mieszkalny";"state_treasury";"tarnogorska|189|2A";"Tarnogórska";"189";"2A";"2024-09-02";"1";"bez nabywcy";"unsold";"source_stated";"1";"177200";"177200";"";"";"brak wpłaconych wadiów";"brak wpłaconych wadiów";"no_deposits";"";"1";"1";"inferred";"https://zgm-gliwice.pl/wp-content/uploads/2024/09/02.09.2024-r.-wyniki-przetargow.pdf";"https://zgm-gliwice.pl/wp-content/uploads/2024/09/02.09.2024-r.-wyniki-przetargow.pdf";"https://zgm-gliwice.pl/wp-content/uploads/2024/09/02.09.2024-r.-wyniki-przetargow.pdf"
"1";"sha256:05edc9bcd6c12042c0d2c50f762e3dc4fbc66bee19c4fd1440be50345c63d5b5";"2024-08-01";"2026-07-31";"mieszkalny";"state_treasury";"tarnogorska|189|2A";"Tarnogórska";"189";"2A";"2024-10-14";"2";"bez nabywcy";"unsold";"source_stated";"1";"159500";"159500";"";"";"brak wpłaconych wadiów";"brak wpłaconych wadiów";"no_deposits";"";"2";"2";"inferred";"https://zgm-gliwice.pl/wp-content/uploads/2024/10/14.10.2024-r.-wyniki-przetargow.pdf";"https://zgm-gliwice.pl/wp-content/uploads/2024/10/14.10.2024-r.-wyniki-przetargow.pdf";"https://zgm-gliwice.pl/wp-content/uploads/2024/10/14.10.2024-r.-wyniki-przetargow.pdf"
"1";"sha256:05edc9bcd6c12042c0d2c50f762e3dc4fbc66bee19c4fd1440be50345c63d5b5";"2024-08-01";"2026-07-31";"mieszkalny";"state_treasury";"tarnogorska|38|16";"Tarnogórska";"38";"16";"2025-09-08";"1";"bez nabywcy";"unsold";"source_stated";"1";"217100";"217100";"";"";"brak wpłaconych wadiów";"brak wpłaconych wadiów";"no_deposits";"";"1";"1";"inferred";"https://zgm-gliwice.pl/wp-content/uploads/2025/09/08.09.2025-r.-wyniki-przetargow.pdf";"https://zgm-gliwice.pl/wp-content/uploads/2025/09/08.09.2025-r.-wyniki-przetargow.pdf";"https://zgm-gliwice.pl/wp-content/uploads/2025/09/08.09.2025-r.-wyniki-przetargow.pdf"
"1";"sha256:05edc9bcd6c12042c0d2c50f762e3dc4fbc66bee19c4fd1440be50345c63d5b5";"2024-08-01";"2026-07-31";"mieszkalny";"state_treasury";"toszeckiej|43|9";"Toszeckiej";"43";"9";"2025-03-31";"1";"sprzedano";"sold";"source_stated";"1";"227600";"227600";"284600";"284600";"";"";"";"";"1";"1";"explicit";"https://zgm-gliwice.pl/wp-content/uploads/2025/04/31.03.2025-r.-wyniki-przetargow.pdf";"https://zgm-gliwice.pl/wp-content/uploads/2025/04/31.03.2025-r.-wyniki-przetargow.pdf";"https://zgm-gliwice.pl/wp-content/uploads/2025/04/31.03.2025-r.-wyniki-przetargow.pdf"
"1";"sha256:05edc9bcd6c12042c0d2c50f762e3dc4fbc66bee19c4fd1440be50345c63d5b5";"2024-08-01";"2026-07-31";"mieszkalny";"state_treasury";"wieniawskiego|35|4";"Wieniawskiego";"35";"4";"2024-09-02";"1";"bez nabywcy";"unsold";"source_stated";"1";"200900";"200900";"";"";"oferent/oferenci nie stawili się";"oferent/oferenci nie stawili się";"bidder_noshow";"";"1";"1";"inferred";"https://zgm-gliwice.pl/wp-content/uploads/2024/09/02.09.2024-r.-wyniki-przetargow.pdf";"https://zgm-gliwice.pl/wp-content/uploads/2024/09/02.09.2024-r.-wyniki-przetargow.pdf";"https://zgm-gliwice.pl/wp-content/uploads/2024/09/02.09.2024-r.-wyniki-przetargow.pdf"
"1";"sha256:05edc9bcd6c12042c0d2c50f762e3dc4fbc66bee19c4fd1440be50345c63d5b5";"2024-08-01";"2026-07-31";"mieszkalny";"state_treasury";"wroclawskiej|13|8";"Wrocławska";"13";"8";"2024-10-28";"1";"sprzedano";"sold";"source_stated";"1";"231400";"231400";"233720";"233720";"";"";"";"";"1";"1";"explicit";"https://zgm-gliwice.pl/wp-content/uploads/2024/11/28.10.2024-r.-wyniki-przetargow.pdf";"https://zgm-gliwice.pl/wp-content/uploads/2024/11/28.10.2024-r.-wyniki-przetargow.pdf";"https://zgm-gliwice.pl/wp-content/uploads/2024/11/28.10.2024-r.-wyniki-przetargow.pdf"
"1";"sha256:05edc9bcd6c12042c0d2c50f762e3dc4fbc66bee19c4fd1440be50345c63d5b5";"2024-08-01";"2026-07-31";"mieszkalny";"state_treasury";"zabrska|30|2";"Zabrska";"30";"2";"2026-03-16";"1";"bez nabywcy";"unsold";"source_stated";"1";"315200";"315200";"";"";"brak wpłaconych wadiów";"brak wpłaconych wadiów";"no_deposits";"";"1";"1";"inferred";"https://zgm-gliwice.pl/wp-content/uploads/2026/03/16.03.2026-r.-wyniki-przetargow.pdf";"https://zgm-gliwice.pl/wp-content/uploads/2026/03/16.03.2026-r.-wyniki-przetargow.pdf";"https://zgm-gliwice.pl/wp-content/uploads/2026/03/16.03.2026-r.-wyniki-przetargow.pdf"
"1";"sha256:05edc9bcd6c12042c0d2c50f762e3dc4fbc66bee19c4fd1440be50345c63d5b5";"2024-08-01";"2026-07-31";"mieszkalny";"state_treasury";"zabrska|30|2";"Zabrska";"30";"2";"2026-04-27";"2";"sprzedano";"sold";"source_stated";"1";"283680";"283680";"286520";"286520";"";"";"";"";"2";"2";"explicit";"https://zgm-gliwice.pl/wp-content/uploads/2026/05/27.04.2026-r.-wyniki-przetargow.pdf";"https://zgm-gliwice.pl/wp-content/uploads/2026/05/27.04.2026-r.-wyniki-przetargow.pdf";"https://zgm-gliwice.pl/wp-content/uploads/2026/05/27.04.2026-r.-wyniki-przetargow.pdf"
"1";"sha256:05edc9bcd6c12042c0d2c50f762e3dc4fbc66bee19c4fd1440be50345c63d5b5";"2024-08-01";"2026-07-31";"mieszkalny";"state_treasury";"zajaczka|11|5";"Zajączka";"11";"5";"2024-12-09";"1";"sprzedano";"sold";"source_stated";"1";"190200";"190200";"192110";"192110";"";"";"";"";"2";"2";"explicit";"https://zgm-gliwice.pl/wp-content/uploads/2024/12/09.12.2024-r.-wyniki-przetargow.pdf";"https://zgm-gliwice.pl/wp-content/uploads/2024/12/09.12.2024-r.-wyniki-przetargow.pdf";"https://zgm-gliwice.pl/wp-content/uploads/2024/12/09.12.2024-r.-wyniki-przetargow.pdf"
"1";"sha256:05edc9bcd6c12042c0d2c50f762e3dc4fbc66bee19c4fd1440be50345c63d5b5";"2024-08-01";"2026-07-31";"mieszkalny";"state_treasury";"zawiszy czarnego|12|10";"Zawiszy Czarnego";"12";"10";"2024-08-26";"1";"sprzedano";"sold";"source_stated";"1";"220700";"220700";"222910";"222910";"";"";"";"";"3";"3";"explicit";"https://zgm-gliwice.pl/wp-content/uploads/2024/09/26.08.24-wyniki-przetargow.pdf";"https://zgm-gliwice.pl/wp-content/uploads/2024/09/26.08.24-wyniki-przetargow.pdf";"https://zgm-gliwice.pl/wp-content/uploads/2024/09/26.08.24-wyniki-przetargow.pdf"
"1";"sha256:05edc9bcd6c12042c0d2c50f762e3dc4fbc66bee19c4fd1440be50345c63d5b5";"2024-08-01";"2026-07-31";"mieszkalny";"state_treasury";"zawiszy czarnego|6|3";"Zawiszy Czarnego";"6";"3";"2026-03-30";"1";"bez nabywcy";"unsold";"source_stated";"1";"426780";"426780";"";"";"brak wpłaconych wadiów";"brak wpłaconych wadiów";"no_deposits";"";"1";"1";"inferred";"https://zgm-gliwice.pl/wp-content/uploads/2026/04/30.03.2026-r.-wyniki-przetargow.pdf";"https://zgm-gliwice.pl/wp-content/uploads/2026/04/30.03.2026-r.-wyniki-przetargow.pdf";"https://zgm-gliwice.pl/wp-content/uploads/2026/04/30.03.2026-r.-wyniki-przetargow.pdf"
"1";"sha256:05edc9bcd6c12042c0d2c50f762e3dc4fbc66bee19c4fd1440be50345c63d5b5";"2024-08-01";"2026-07-31";"mieszkalny";"state_treasury";"zawiszy czarnego|6|3";"Zawiszy Czarnego";"6";"3";"2026-05-11";"2";"sprzedano";"sold";"source_stated";"1";"379360";"379360";"383160";"383160";"";"";"";"";"4";"4";"explicit";"https://zgm-gliwice.pl/wp-content/uploads/2026/05/11.05.2026-r.-wyniki-przetargow.pdf";"https://zgm-gliwice.pl/wp-content/uploads/2026/05/11.05.2026-r.-wyniki-przetargow.pdf";"https://zgm-gliwice.pl/wp-content/uploads/2026/05/11.05.2026-r.-wyniki-przetargow.pdf"
"1";"sha256:05edc9bcd6c12042c0d2c50f762e3dc4fbc66bee19c4fd1440be50345c63d5b5";"2024-08-01";"2026-07-31";"mieszkalny";"state_treasury";"zwyciestwa|11|6C";"Zwycięstwa";"11";"6C";"2026-03-30";"1";"bez nabywcy";"unsold";"source_stated";"1";"452000";"452000";"";"";"brak wpłaconych wadiów";"brak wpłaconych wadiów";"no_deposits";"";"1";"1";"inferred";"https://zgm-gliwice.pl/wp-content/uploads/2026/04/30.03.2026-r.-wyniki-przetargow.pdf";"https://zgm-gliwice.pl/wp-content/uploads/2026/04/30.03.2026-r.-wyniki-przetargow.pdf";"https://zgm-gliwice.pl/wp-content/uploads/2026/04/30.03.2026-r.-wyniki-przetargow.pdf"
"1";"sha256:05edc9bcd6c12042c0d2c50f762e3dc4fbc66bee19c4fd1440be50345c63d5b5";"2024-08-01";"2026-07-31";"mieszkalny";"state_treasury";"zwyciestwa|11|6C";"Zwycięstwa";"11";"6C";"2026-05-11";"2";"bez nabywcy";"unsold";"source_stated";"1";"406800";"406800";"";"";"brak wpłaconych wadiów";"brak wpłaconych wadiów";"no_deposits";"";"2";"2";"inferred";"https://zgm-gliwice.pl/wp-content/uploads/2026/05/11.05.2026-r.-wyniki-przetargow.pdf";"https://zgm-gliwice.pl/wp-content/uploads/2026/05/11.05.2026-r.-wyniki-przetargow.pdf";"https://zgm-gliwice.pl/wp-content/uploads/2026/05/11.05.2026-r.-wyniki-przetargow.pdf"
"1";"sha256:05edc9bcd6c12042c0d2c50f762e3dc4fbc66bee19c4fd1440be50345c63d5b5";"2024-08-01";"2026-07-31";"mieszkalny";"state_treasury";"zwyciestwa|11|6C";"Zwycięstwa";"11";"6C";"2026-07-06";"3";"bez nabywcy";"unsold";"source_stated";"1";"361600";"361600";"";"";"brak wpłaconych wadiów";"brak wpłaconych wadiów";"no_deposits";"";"3";"3";"inferred";"https://zgm-gliwice.pl/wp-content/uploads/2026/07/06.07.2026-r.-wyniki-przetargow.pdf";"https://zgm-gliwice.pl/wp-content/uploads/2026/07/06.07.2026-r.-wyniki-przetargow.pdf";"https://zgm-gliwice.pl/wp-content/uploads/2026/07/06.07.2026-r.-wyniki-przetargow.pdf | https://bip.gliwice.eu/sprzedaz-przetarg-6072026-ul-ignacego-daszynskiego-6510-ul-zwyciestwa-116c-ul-karola-libelta-101-ul-swietojanska-393-ul-rybnicka-2519-ul-rybitwy-1317-lokale-mieszkalne-ul-chorzowska-4012-lokal-uzytkowy"
"1";"sha256:05edc9bcd6c12042c0d2c50f762e3dc4fbc66bee19c4fd1440be50345c63d5b5";"2024-08-01";"2026-07-31";"mieszkalny";"state_treasury";"zwyciestwa|29|6";"Zwycięstwa";"29";"6";"2025-06-16";"1";"bez nabywcy";"unsold";"source_stated";"1";"358100";"358100";"";"";"brak wpłaconych wadiów";"brak wpłaconych wadiów";"no_deposits";"";"1";"1";"inferred";"https://zgm-gliwice.pl/wp-content/uploads/2025/06/16.06.2025-wyniki-przetargow.pdf";"https://zgm-gliwice.pl/wp-content/uploads/2025/06/16.06.2025-wyniki-przetargow.pdf";"https://zgm-gliwice.pl/wp-content/uploads/2025/06/16.06.2025-wyniki-przetargow.pdf"
"1";"sha256:05edc9bcd6c12042c0d2c50f762e3dc4fbc66bee19c4fd1440be50345c63d5b5";"2024-08-01";"2026-07-31";"mieszkalny";"state_treasury";"zwyciestwa|29|6";"Zwycięstwa";"29";"6";"2025-08-04";"2";"bez nabywcy";"unsold";"source_stated";"1";"318300";"318300";"";"";"brak wpłaconych wadiów";"brak wpłaconych wadiów";"no_deposits";"";"2";"2";"inferred";"https://zgm-gliwice.pl/wp-content/uploads/2025/08/04.08.2025-r.-wyniki-przetargow.pdf";"https://zgm-gliwice.pl/wp-content/uploads/2025/08/04.08.2025-r.-wyniki-przetargow.pdf";"https://zgm-gliwice.pl/wp-content/uploads/2025/08/04.08.2025-r.-wyniki-przetargow.pdf"
"1";"sha256:05edc9bcd6c12042c0d2c50f762e3dc4fbc66bee19c4fd1440be50345c63d5b5";"2024-08-01";"2026-07-31";"mieszkalny";"state_treasury";"zwyciestwa|29|6";"Zwycięstwa";"29";"6";"2025-09-22";"3";"sprzedano";"sold";"source_stated";"1";"278500";"278500";"298030";"298030";"";"";"";"";"4";"4";"explicit";"https://zgm-gliwice.pl/wp-content/uploads/2025/09/22.092025-r.-wyniki-przetargow.pdf";"https://zgm-gliwice.pl/wp-content/uploads/2025/09/22.092025-r.-wyniki-przetargow.pdf";"https://zgm-gliwice.pl/wp-content/uploads/2025/09/22.092025-r.-wyniki-przetargow.pdf"
"1";"sha256:05edc9bcd6c12042c0d2c50f762e3dc4fbc66bee19c4fd1440be50345c63d5b5";"2024-08-01";"2026-07-31";"mieszkalny";"state_treasury";"zwyciestwa|8|12";"Zwycięstwa";"8";"12";"2025-02-17";"1";"bez nabywcy";"unsold";"source_stated";"1";"194600";"194600";"";"";"brak wpłaconych wadiów";"brak wpłaconych wadiów";"no_deposits";"";"1";"1";"inferred";"https://zgm-gliwice.pl/wp-content/uploads/2025/02/17.02.2025-r.-wyniki-przetargow.pdf";"https://zgm-gliwice.pl/wp-content/uploads/2025/02/17.02.2025-r.-wyniki-przetargow.pdf";"https://zgm-gliwice.pl/wp-content/uploads/2025/02/17.02.2025-r.-wyniki-przetargow.pdf"
"1";"sha256:05edc9bcd6c12042c0d2c50f762e3dc4fbc66bee19c4fd1440be50345c63d5b5";"2024-08-01";"2026-07-31";"mieszkalny";"state_treasury";"zwyciestwa|8|12";"Zwycięstwa";"8";"12";"2025-03-31";"2";"bez nabywcy";"unsold";"source_stated";"1";"175200";"175200";"";"";"oferent/oferenci nie stawili się";"oferent/oferenci nie stawili się";"bidder_noshow";"";"2";"2";"inferred";"https://zgm-gliwice.pl/wp-content/uploads/2025/04/31.03.2025-r.-wyniki-przetargow.pdf";"https://zgm-gliwice.pl/wp-content/uploads/2025/04/31.03.2025-r.-wyniki-przetargow.pdf";"https://zgm-gliwice.pl/wp-content/uploads/2025/04/31.03.2025-r.-wyniki-przetargow.pdf"
"1";"sha256:05edc9bcd6c12042c0d2c50f762e3dc4fbc66bee19c4fd1440be50345c63d5b5";"2024-08-01";"2026-07-31";"mieszkalny";"state_treasury";"zwyciestwa|8|12";"Zwycięstwa";"8";"12";"2025-05-12";"3";"bez nabywcy";"unsold";"source_stated";"1";"175200";"175200";"";"";"brak wpłaconych wadiów";"brak wpłaconych wadiów";"no_deposits";"";"3";"3";"inferred";"https://zgm-gliwice.pl/wp-content/uploads/2025/05/12.05.2025-r.-wyniki-przetargow.pdf";"https://zgm-gliwice.pl/wp-content/uploads/2025/05/12.05.2025-r.-wyniki-przetargow.pdf";"https://zgm-gliwice.pl/wp-content/uploads/2025/05/12.05.2025-r.-wyniki-przetargow.pdf"
"1";"sha256:05edc9bcd6c12042c0d2c50f762e3dc4fbc66bee19c4fd1440be50345c63d5b5";"2024-08-01";"2026-07-31";"mieszkalny";"state_treasury";"zwyciestwa|8|12";"Zwycięstwa";"8";"12";"2025-09-29";"4";"bez nabywcy";"unsold";"source_stated";"1";"155700";"155700";"";"";"brak wpłaconych wadiów";"brak wpłaconych wadiów";"no_deposits";"";"4";"4";"inferred";"https://zgm-gliwice.pl/wp-content/uploads/2025/10/29.09.2025-r.-wyniki-przetargow.pdf";"https://zgm-gliwice.pl/wp-content/uploads/2025/10/29.09.2025-r.-wyniki-przetargow.pdf";"https://zgm-gliwice.pl/wp-content/uploads/2025/10/29.09.2025-r.-wyniki-przetargow.pdf"
"1";"sha256:05edc9bcd6c12042c0d2c50f762e3dc4fbc66bee19c4fd1440be50345c63d5b5";"2024-08-01";"2026-07-31";"mieszkalny";"state_treasury";"zygmunta starego|29|4";"Zygmunta Starego";"29";"4";"2026-03-23";"1";"bez nabywcy";"unsold";"source_stated";"1";"512700";"512700";"";"";"brak wpłaconych wadiów";"brak wpłaconych wadiów";"no_deposits";"";"1";"1";"inferred";"https://zgm-gliwice.pl/wp-content/uploads/2026/04/23.03.2026-r.-wyniki-przetargow.pdf";"https://zgm-gliwice.pl/wp-content/uploads/2026/04/23.03.2026-r.-wyniki-przetargow.pdf";"https://zgm-gliwice.pl/wp-content/uploads/2026/04/23.03.2026-r.-wyniki-przetargow.pdf"
"1";"sha256:05edc9bcd6c12042c0d2c50f762e3dc4fbc66bee19c4fd1440be50345c63d5b5";"2024-08-01";"2026-07-31";"mieszkalny";"state_treasury";"zygmunta starego|29|4";"Zygmunta Starego";"29";"4";"2026-06-22";"2";"bez nabywcy";"unsold";"source_stated";"1";"461430";"461430";"";"";"brak wpłaconych wadiów";"brak wpłaconych wadiów";"no_deposits";"";"2";"2";"inferred";"https://zgm-gliwice.pl/wp-content/uploads/2026/06/22.06.2026-wyniki-przetargow.pdf";"https://zgm-gliwice.pl/wp-content/uploads/2026/06/22.06.2026-wyniki-przetargow.pdf";"https://zgm-gliwice.pl/wp-content/uploads/2026/06/22.06.2026-wyniki-przetargow.pdf"
"1";"sha256:05edc9bcd6c12042c0d2c50f762e3dc4fbc66bee19c4fd1440be50345c63d5b5";"2024-08-01";"2026-07-31";"mieszkalny";"state_treasury";"zygmunta starego|33|5";"Zygmunta Starego";"33";"5";"2025-12-08";"1";"bez nabywcy";"unsold";"source_stated";"1";"245400";"245400";"";"";"brak wpłaconych wadiów";"brak wpłaconych wadiów";"no_deposits";"";"1";"1";"inferred";"https://zgm-gliwice.pl/wp-content/uploads/2025/12/08.12.2025-r.-wyniki-przetargow.pdf";"https://zgm-gliwice.pl/wp-content/uploads/2025/12/08.12.2025-r.-wyniki-przetargow.pdf";"https://zgm-gliwice.pl/wp-content/uploads/2025/12/08.12.2025-r.-wyniki-przetargow.pdf"
"1";"sha256:05edc9bcd6c12042c0d2c50f762e3dc4fbc66bee19c4fd1440be50345c63d5b5";"2024-08-01";"2026-07-31";"mieszkalny";"state_treasury";"zygmunta starego|33|5";"Zygmunta Starego";"33";"5";"2026-01-26";"2";"bez nabywcy";"unsold";"source_stated";"1";"220860";"220860";"";"";"brak wpłaconych wadiów";"brak wpłaconych wadiów";"no_deposits";"";"2";"2";"inferred";"https://zgm-gliwice.pl/wp-content/uploads/2026/02/26.01.2026-r.-wyniki-przetargow.pdf";"https://zgm-gliwice.pl/wp-content/uploads/2026/02/26.01.2026-r.-wyniki-przetargow.pdf";"https://zgm-gliwice.pl/wp-content/uploads/2026/02/26.01.2026-r.-wyniki-przetargow.pdf"
"1";"sha256:05edc9bcd6c12042c0d2c50f762e3dc4fbc66bee19c4fd1440be50345c63d5b5";"2024-08-01";"2026-07-31";"mieszkalny";"state_treasury";"zygmunta starego|33|5";"Zygmunta Starego";"33";"5";"2026-03-09";"3";"bez nabywcy";"unsold";"source_stated";"1";"196320";"196320";"";"";"oferent/oferenci nie stawili się";"oferent/oferenci nie stawili się";"bidder_noshow";"";"3";"3";"inferred";"https://zgm-gliwice.pl/wp-content/uploads/2026/03/09.03.2026-r.-wyniki-przetargow.pdf";"https://zgm-gliwice.pl/wp-content/uploads/2026/03/09.03.2026-r.-wyniki-przetargow.pdf";"https://zgm-gliwice.pl/wp-content/uploads/2026/03/09.03.2026-r.-wyniki-przetargow.pdf"
"1";"sha256:05edc9bcd6c12042c0d2c50f762e3dc4fbc66bee19c4fd1440be50345c63d5b5";"2024-08-01";"2026-07-31";"mieszkalny";"state_treasury";"zygmunta starego|33|5";"Zygmunta Starego";"33";"5";"2026-05-04";"4";"sprzedano";"sold";"source_stated";"1";"196320";"196320";"198290";"198290";"";"";"";"";"4";"4";"explicit";"https://zgm-gliwice.pl/wp-content/uploads/2026/05/04.05.2026-r.-wyniki-przetargow.pdf";"https://zgm-gliwice.pl/wp-content/uploads/2026/05/04.05.2026-r.-wyniki-przetargow.pdf";"https://zgm-gliwice.pl/wp-content/uploads/2026/05/04.05.2026-r.-wyniki-przetargow.pdf"
